품목,카테고리_1,카테고리_2,카테고리_3,기준가,회원가,혜택가,프러덕트 코드,제품 설명,수령방법,재고 수량,할인가,WEB 접속,APP 접속,Content
갤럭시 S24 자급제,mobile,smartphones,galaxy-s,"1,155,000","1,155,000","1,059,000",SM-S921NZYEKOO,"AI로 시작하는 새로운 소통의 방법
AI 편집까지 더해진 차원이 다른 카메라 경험
미네랄에서 영감을 받은 컬러",매장픽업 가능,333,"1,059,000",0,"20,000","품목: 갤럭시 S24 자급제, 카테고리_1: mobile, 카테고리_2: smartphones, 카테고리_3: galaxy-s, 기준가: 1,155,000, 회원가: 1,155,000, 혜택가: 1,059,000, 프러덕트 코드: SM-S921NZYEKOO, 제품 설명: AI로 시작하는 새로운 소통의 방법
AI 편집까지 더해진 차원이 다른 카메라 경험
미네랄에서 영감을 받은 컬러, 수령방법: 매장픽업 가능, 재고 수량: 333, 할인가: 1,059,000, WEB 접속: 0, APP 접속: 20,000"
갤럭시 S24 자급제,mobile,smartphones,galaxy-s,"1,155,000","1,155,000","1,059,000",SM-S921NZVEKOO,"AI로 시작하는 새로운 소통의 방법
AI 편집까지 더해진 차원이 다른 카메라 경험
미네랄에서 영감을 받은 컬러",매장픽업 가능,94,"1,059,000",0,"20,000","품목: 갤럭시 S24 자급제, 카테고리_1: mobile, 카테고리_2: smartphones, 카테고리_3: galaxy-s, 기준가: 1,155,000, 회원가: 1,155,000, 혜택가: 1,059,000, 프러덕트 코드: SM-S921NZVEKOO, 제품 설명: AI로 시작하는 새로운 소통의 방법
AI 편집까지 더해진 차원이 다른 카메라 경험
미네랄에서 영감을 받은 컬러, 수령방법: 매장픽업 가능, 재고 수량: 94, 할인가: 1,059,000, WEB 접속: 0, APP 접속: 20,000"
갤럭시 S24 자급제,mobile,smartphones,galaxy-s,"1,155,000","1,155,000","1,059,000",SM-S921NZAEKOO,"AI로 시작하는 새로운 소통의 방법
AI 편집까지 더해진 차원이 다른 카메라 경험
미네랄에서 영감을 받은 컬러",매장픽업 가능,323,"1,059,000",0,"20,000","품목: 갤럭시 S24 자급제, 카테고리_1: mobile, 카테고리_2: smartphones, 카테고리_3: galaxy-s, 기준가: 1,155,000, 회원가: 1,155,000, 혜택가: 1,059,000, 프러덕트 코드: SM-S921NZAEKOO, 제품 설명: AI로 시작하는 새로운 소통의 방법
AI 편집까지 더해진 차원이 다른 카메라 경험
미네랄에서 영감을 받은 컬러, 수령방법: 매장픽업 가능, 재고 수량: 323, 할인가: 1,059,000, WEB 접속: 0, APP 접속: 20,000"
갤럭시 S24 자급제,mobile,smartphones,galaxy-s,"1,155,000","1,155,000","1,059,000",SM-S921NZKEKOO,"AI로 시작하는 새로운 소통의 방법
AI 편집까지 더해진 차원이 다른 카메라 경험
미네랄에서 영감을 받은 컬러",매장픽업 가능,353,"1,059,000",0,"20,000","품목: 갤럭시 S24 자급제, 카테고리_1: mobile, 카테고리_2: smartphones, 카테고리_3: galaxy-s, 기준가: 1,155,000, 회원가: 1,155,000, 혜택가: 1,059,000, 프러덕트 코드: SM-S921NZKEKOO, 제품 설명: AI로 시작하는 새로운 소통의 방법
AI 편집까지 더해진 차원이 다른 카메라 경험
미네랄에서 영감을 받은 컬러, 수령방법: 매장픽업 가능, 재고 수량: 353, 할인가: 1,059,000, WEB 접속: 0, APP 접속: 20,000"
갤럭시 S24 자급제,mobile,smartphones,galaxy-s,"1,298,000","1,298,000","1,184,000",SM-S921NZYFKOO,"AI로 시작하는 새로운 소통의 방법
AI 편집까지 더해진 차원이 다른 카메라 경험
미네랄에서 영감을 받은 컬러",매장픽업 가능,63,"1,184,000",0,"20,000","품목: 갤럭시 S24 자급제, 카테고리_1: mobile, 카테고리_2: smartphones, 카테고리_3: galaxy-s, 기준가: 1,298,000, 회원가: 1,298,000, 혜택가: 1,184,000, 프러덕트 코드: SM-S921NZYFKOO, 제품 설명: AI로 시작하는 새로운 소통의 방법
AI 편집까지 더해진 차원이 다른 카메라 경험
미네랄에서 영감을 받은 컬러, 수령방법: 매장픽업 가능, 재고 수량: 63, 할인가: 1,184,000, WEB 접속: 0, APP 접속: 20,000"
갤럭시 S24 자급제,mobile,smartphones,galaxy-s,"1,298,000","1,298,000","1,184,000",SM-S921NZVFKOO,"AI로 시작하는 새로운 소통의 방법
AI 편집까지 더해진 차원이 다른 카메라 경험
미네랄에서 영감을 받은 컬러",매장픽업 가능,84,"1,184,000",0,"20,000","품목: 갤럭시 S24 자급제, 카테고리_1: mobile, 카테고리_2: smartphones, 카테고리_3: galaxy-s, 기준가: 1,298,000, 회원가: 1,298,000, 혜택가: 1,184,000, 프러덕트 코드: SM-S921NZVFKOO, 제품 설명: AI로 시작하는 새로운 소통의 방법
AI 편집까지 더해진 차원이 다른 카메라 경험
미네랄에서 영감을 받은 컬러, 수령방법: 매장픽업 가능, 재고 수량: 84, 할인가: 1,184,000, WEB 접속: 0, APP 접속: 20,000"
갤럭시 S24 자급제,mobile,smartphones,galaxy-s,"1,298,000","1,298,000","1,184,000",SM-S921NZAFKOO,"AI로 시작하는 새로운 소통의 방법
AI 편집까지 더해진 차원이 다른 카메라 경험
미네랄에서 영감을 받은 컬러",매장픽업 가능,111,"1,184,000",0,"20,000","품목: 갤럭시 S24 자급제, 카테고리_1: mobile, 카테고리_2: smartphones, 카테고리_3: galaxy-s, 기준가: 1,298,000, 회원가: 1,298,000, 혜택가: 1,184,000, 프러덕트 코드: SM-S921NZAFKOO, 제품 설명: AI로 시작하는 새로운 소통의 방법
AI 편집까지 더해진 차원이 다른 카메라 경험
미네랄에서 영감을 받은 컬러, 수령방법: 매장픽업 가능, 재고 수량: 111, 할인가: 1,184,000, WEB 접속: 0, APP 접속: 20,000"
갤럭시 S24 자급제,mobile,smartphones,galaxy-s,"1,298,000","1,298,000","1,184,000",SM-S921NZKFKOO,"AI로 시작하는 새로운 소통의 방법
AI 편집까지 더해진 차원이 다른 카메라 경험
미네랄에서 영감을 받은 컬러",매장픽업 가능,113,"1,184,000",0,"20,000","품목: 갤럭시 S24 자급제, 카테고리_1: mobile, 카테고리_2: smartphones, 카테고리_3: galaxy-s, 기준가: 1,298,000, 회원가: 1,298,000, 혜택가: 1,184,000, 프러덕트 코드: SM-S921NZKFKOO, 제품 설명: AI로 시작하는 새로운 소통의 방법
AI 편집까지 더해진 차원이 다른 카메라 경험
미네랄에서 영감을 받은 컬러, 수령방법: 매장픽업 가능, 재고 수량: 113, 할인가: 1,184,000, WEB 접속: 0, APP 접속: 20,000"
갤럭시 S24 자급제 (삼성닷컴/삼성 강남 전용컬러),mobile,smartphones,galaxy-s,"1,155,000","1,155,000","1,059,000",SM-S921NLBEKOO,"AI로 시작하는 새로운 소통의 방법
AI 편집까지 더해진 차원이 다른 카메라 경험
미네랄에서 영감을 받은 컬러",매장픽업 가능,171,"1,059,000",0,"20,000","품목: 갤럭시 S24 자급제 (삼성닷컴/삼성 강남 전용컬러), 카테고리_1: mobile, 카테고리_2: smartphones, 카테고리_3: galaxy-s, 기준가: 1,155,000, 회원가: 1,155,000, 혜택가: 1,059,000, 프러덕트 코드: SM-S921NLBEKOO, 제품 설명: AI로 시작하는 새로운 소통의 방법
AI 편집까지 더해진 차원이 다른 카메라 경험
미네랄에서 영감을 받은 컬러, 수령방법: 매장픽업 가능, 재고 수량: 171, 할인가: 1,059,000, WEB 접속: 0, APP 접속: 20,000"
갤럭시 S24 자급제 (삼성닷컴/삼성 강남 전용컬러),mobile,smartphones,galaxy-s,"1,155,000","1,155,000","1,059,000",SM-S921NZOEKOO,"AI로 시작하는 새로운 소통의 방법
AI 편집까지 더해진 차원이 다른 카메라 경험
미네랄에서 영감을 받은 컬러",매장픽업 가능,90,"1,059,000",0,"20,000","품목: 갤럭시 S24 자급제 (삼성닷컴/삼성 강남 전용컬러), 카테고리_1: mobile, 카테고리_2: smartphones, 카테고리_3: galaxy-s, 기준가: 1,155,000, 회원가: 1,155,000, 혜택가: 1,059,000, 프러덕트 코드: SM-S921NZOEKOO, 제품 설명: AI로 시작하는 새로운 소통의 방법
AI 편집까지 더해진 차원이 다른 카메라 경험
미네랄에서 영감을 받은 컬러, 수령방법: 매장픽업 가능, 재고 수량: 90, 할인가: 1,059,000, WEB 접속: 0, APP 접속: 20,000"
갤럭시 S24 자급제 (삼성닷컴/삼성 강남 전용컬러),mobile,smartphones,galaxy-s,"1,155,000","1,155,000","1,059,000",SM-S921NLGEKOO,"AI로 시작하는 새로운 소통의 방법
AI 편집까지 더해진 차원이 다른 카메라 경험
미네랄에서 영감을 받은 컬러",매장픽업 가능,86,"1,059,000",0,"20,000","품목: 갤럭시 S24 자급제 (삼성닷컴/삼성 강남 전용컬러), 카테고리_1: mobile, 카테고리_2: smartphones, 카테고리_3: galaxy-s, 기준가: 1,155,000, 회원가: 1,155,000, 혜택가: 1,059,000, 프러덕트 코드: SM-S921NLGEKOO, 제품 설명: AI로 시작하는 새로운 소통의 방법
AI 편집까지 더해진 차원이 다른 카메라 경험
미네랄에서 영감을 받은 컬러, 수령방법: 매장픽업 가능, 재고 수량: 86, 할인가: 1,059,000, WEB 접속: 0, APP 접속: 20,000"
갤럭시 S24 자급제 (삼성닷컴/삼성 강남 전용컬러),mobile,smartphones,galaxy-s,"1,298,000","1,298,000","1,184,000",SM-S921NLBFKOO,"AI로 시작하는 새로운 소통의 방법
AI 편집까지 더해진 차원이 다른 카메라 경험
미네랄에서 영감을 받은 컬러",매장픽업 가능,151,"1,184,000",0,"20,000","품목: 갤럭시 S24 자급제 (삼성닷컴/삼성 강남 전용컬러), 카테고리_1: mobile, 카테고리_2: smartphones, 카테고리_3: galaxy-s, 기준가: 1,298,000, 회원가: 1,298,000, 혜택가: 1,184,000, 프러덕트 코드: SM-S921NLBFKOO, 제품 설명: AI로 시작하는 새로운 소통의 방법
AI 편집까지 더해진 차원이 다른 카메라 경험
미네랄에서 영감을 받은 컬러, 수령방법: 매장픽업 가능, 재고 수량: 151, 할인가: 1,184,000, WEB 접속: 0, APP 접속: 20,000"
갤럭시 S24 자급제 (삼성닷컴/삼성 강남 전용컬러),mobile,smartphones,galaxy-s,"1,298,000","1,298,000","1,184,000",SM-S921NZOFKOO,"AI로 시작하는 새로운 소통의 방법
AI 편집까지 더해진 차원이 다른 카메라 경험
미네랄에서 영감을 받은 컬러",매장픽업 가능,38,"1,184,000",0,"20,000","품목: 갤럭시 S24 자급제 (삼성닷컴/삼성 강남 전용컬러), 카테고리_1: mobile, 카테고리_2: smartphones, 카테고리_3: galaxy-s, 기준가: 1,298,000, 회원가: 1,298,000, 혜택가: 1,184,000, 프러덕트 코드: SM-S921NZOFKOO, 제품 설명: AI로 시작하는 새로운 소통의 방법
AI 편집까지 더해진 차원이 다른 카메라 경험
미네랄에서 영감을 받은 컬러, 수령방법: 매장픽업 가능, 재고 수량: 38, 할인가: 1,184,000, WEB 접속: 0, APP 접속: 20,000"
갤럭시 S24 자급제 (삼성닷컴/삼성 강남 전용컬러),mobile,smartphones,galaxy-s,"1,298,000","1,298,000","1,184,000",SM-S921NLGFKOO,"AI로 시작하는 새로운 소통의 방법
AI 편집까지 더해진 차원이 다른 카메라 경험
미네랄에서 영감을 받은 컬러",매장픽업 가능,141,"1,184,000",0,"20,000","품목: 갤럭시 S24 자급제 (삼성닷컴/삼성 강남 전용컬러), 카테고리_1: mobile, 카테고리_2: smartphones, 카테고리_3: galaxy-s, 기준가: 1,298,000, 회원가: 1,298,000, 혜택가: 1,184,000, 프러덕트 코드: SM-S921NLGFKOO, 제품 설명: AI로 시작하는 새로운 소통의 방법
AI 편집까지 더해진 차원이 다른 카메라 경험
미네랄에서 영감을 받은 컬러, 수령방법: 매장픽업 가능, 재고 수량: 141, 할인가: 1,184,000, WEB 접속: 0, APP 접속: 20,000"
갤럭시 S24+ 자급제,mobile,smartphones,galaxy-s,"1,353,000","1,353,000","1,234,000",SM-S926NZVAKOO,"AI로 시작하는 새로운 소통의 방법
AI 편집까지 더해진 차원이 다른 카메라 경험
미네랄에서 영감을 받은 컬러",매장픽업 가능,120,"1,234,000",0,"20,000","품목: 갤럭시 S24+ 자급제, 카테고리_1: mobile, 카테고리_2: smartphones, 카테고리_3: galaxy-s, 기준가: 1,353,000, 회원가: 1,353,000, 혜택가: 1,234,000, 프러덕트 코드: SM-S926NZVAKOO, 제품 설명: AI로 시작하는 새로운 소통의 방법
AI 편집까지 더해진 차원이 다른 카메라 경험
미네랄에서 영감을 받은 컬러, 수령방법: 매장픽업 가능, 재고 수량: 120, 할인가: 1,234,000, WEB 접속: 0, APP 접속: 20,000"
갤럭시 S24+ 자급제,mobile,smartphones,galaxy-s,"1,353,000","1,353,000","1,234,000",SM-S926NZYAKOO,"AI로 시작하는 새로운 소통의 방법
AI 편집까지 더해진 차원이 다른 카메라 경험
미네랄에서 영감을 받은 컬러",매장픽업 가능,180,"1,234,000",0,"20,000","품목: 갤럭시 S24+ 자급제, 카테고리_1: mobile, 카테고리_2: smartphones, 카테고리_3: galaxy-s, 기준가: 1,353,000, 회원가: 1,353,000, 혜택가: 1,234,000, 프러덕트 코드: SM-S926NZYAKOO, 제품 설명: AI로 시작하는 새로운 소통의 방법
AI 편집까지 더해진 차원이 다른 카메라 경험
미네랄에서 영감을 받은 컬러, 수령방법: 매장픽업 가능, 재고 수량: 180, 할인가: 1,234,000, WEB 접속: 0, APP 접속: 20,000"
갤럭시 S24+ 자급제,mobile,smartphones,galaxy-s,"1,353,000","1,353,000","1,234,000",SM-S926NZAAKOO,"AI로 시작하는 새로운 소통의 방법
AI 편집까지 더해진 차원이 다른 카메라 경험
미네랄에서 영감을 받은 컬러",매장픽업 가능,178,"1,234,000",0,"20,000","품목: 갤럭시 S24+ 자급제, 카테고리_1: mobile, 카테고리_2: smartphones, 카테고리_3: galaxy-s, 기준가: 1,353,000, 회원가: 1,353,000, 혜택가: 1,234,000, 프러덕트 코드: SM-S926NZAAKOO, 제품 설명: AI로 시작하는 새로운 소통의 방법
AI 편집까지 더해진 차원이 다른 카메라 경험
미네랄에서 영감을 받은 컬러, 수령방법: 매장픽업 가능, 재고 수량: 178, 할인가: 1,234,000, WEB 접속: 0, APP 접속: 20,000"
갤럭시 S24+ 자급제,mobile,smartphones,galaxy-s,"1,353,000","1,353,000","1,234,000",SM-S926NZKAKOO,"AI로 시작하는 새로운 소통의 방법
AI 편집까지 더해진 차원이 다른 카메라 경험
미네랄에서 영감을 받은 컬러",매장픽업 가능,205,"1,234,000",0,"20,000","품목: 갤럭시 S24+ 자급제, 카테고리_1: mobile, 카테고리_2: smartphones, 카테고리_3: galaxy-s, 기준가: 1,353,000, 회원가: 1,353,000, 혜택가: 1,234,000, 프러덕트 코드: SM-S926NZKAKOO, 제품 설명: AI로 시작하는 새로운 소통의 방법
AI 편집까지 더해진 차원이 다른 카메라 경험
미네랄에서 영감을 받은 컬러, 수령방법: 매장픽업 가능, 재고 수량: 205, 할인가: 1,234,000, WEB 접속: 0, APP 접속: 20,000"
갤럭시 S24+ 자급제,mobile,smartphones,galaxy-s,"1,496,000","1,496,000","1,359,000",SM-S926NZVEKOO,"AI로 시작하는 새로운 소통의 방법
AI 편집까지 더해진 차원이 다른 카메라 경험
미네랄에서 영감을 받은 컬러",매장픽업 가능,99,"1,359,000",0,"20,000","품목: 갤럭시 S24+ 자급제, 카테고리_1: mobile, 카테고리_2: smartphones, 카테고리_3: galaxy-s, 기준가: 1,496,000, 회원가: 1,496,000, 혜택가: 1,359,000, 프러덕트 코드: SM-S926NZVEKOO, 제품 설명: AI로 시작하는 새로운 소통의 방법
AI 편집까지 더해진 차원이 다른 카메라 경험
미네랄에서 영감을 받은 컬러, 수령방법: 매장픽업 가능, 재고 수량: 99, 할인가: 1,359,000, WEB 접속: 0, APP 접속: 20,000"
갤럭시 S24+ 자급제,mobile,smartphones,galaxy-s,"1,496,000","1,496,000","1,359,000",SM-S926NZYEKOO,"AI로 시작하는 새로운 소통의 방법
AI 편집까지 더해진 차원이 다른 카메라 경험
미네랄에서 영감을 받은 컬러",매장픽업 가능,116,"1,359,000",0,"20,000","품목: 갤럭시 S24+ 자급제, 카테고리_1: mobile, 카테고리_2: smartphones, 카테고리_3: galaxy-s, 기준가: 1,496,000, 회원가: 1,496,000, 혜택가: 1,359,000, 프러덕트 코드: SM-S926NZYEKOO, 제품 설명: AI로 시작하는 새로운 소통의 방법
AI 편집까지 더해진 차원이 다른 카메라 경험
미네랄에서 영감을 받은 컬러, 수령방법: 매장픽업 가능, 재고 수량: 116, 할인가: 1,359,000, WEB 접속: 0, APP 접속: 20,000"
갤럭시 S24+ 자급제,mobile,smartphones,galaxy-s,"1,496,000","1,496,000","1,359,000",SM-S926NZAEKOO,"AI로 시작하는 새로운 소통의 방법
AI 편집까지 더해진 차원이 다른 카메라 경험
미네랄에서 영감을 받은 컬러",매장픽업 가능,183,"1,359,000",0,"20,000","품목: 갤럭시 S24+ 자급제, 카테고리_1: mobile, 카테고리_2: smartphones, 카테고리_3: galaxy-s, 기준가: 1,496,000, 회원가: 1,496,000, 혜택가: 1,359,000, 프러덕트 코드: SM-S926NZAEKOO, 제품 설명: AI로 시작하는 새로운 소통의 방법
AI 편집까지 더해진 차원이 다른 카메라 경험
미네랄에서 영감을 받은 컬러, 수령방법: 매장픽업 가능, 재고 수량: 183, 할인가: 1,359,000, WEB 접속: 0, APP 접속: 20,000"
갤럭시 S24+ 자급제,mobile,smartphones,galaxy-s,"1,496,000","1,496,000","1,359,000",SM-S926NZKEKOO,"AI로 시작하는 새로운 소통의 방법
AI 편집까지 더해진 차원이 다른 카메라 경험
미네랄에서 영감을 받은 컬러",매장픽업 가능,135,"1,359,000",0,"20,000","품목: 갤럭시 S24+ 자급제, 카테고리_1: mobile, 카테고리_2: smartphones, 카테고리_3: galaxy-s, 기준가: 1,496,000, 회원가: 1,496,000, 혜택가: 1,359,000, 프러덕트 코드: SM-S926NZKEKOO, 제품 설명: AI로 시작하는 새로운 소통의 방법
AI 편집까지 더해진 차원이 다른 카메라 경험
미네랄에서 영감을 받은 컬러, 수령방법: 매장픽업 가능, 재고 수량: 135, 할인가: 1,359,000, WEB 접속: 0, APP 접속: 20,000"
갤럭시 S24+ 자급제 (삼성닷컴/삼성 강남 전용컬러),mobile,smartphones,galaxy-s,"1,353,000","1,353,000","1,234,000",SM-S926NLBAKOO,"AI로 시작하는 새로운 소통의 방법
AI 편집까지 더해진 차원이 다른 카메라 경험
미네랄에서 영감을 받은 컬러",매장픽업 가능,474,"1,234,000",0,"20,000","품목: 갤럭시 S24+ 자급제 (삼성닷컴/삼성 강남 전용컬러), 카테고리_1: mobile, 카테고리_2: smartphones, 카테고리_3: galaxy-s, 기준가: 1,353,000, 회원가: 1,353,000, 혜택가: 1,234,000, 프러덕트 코드: SM-S926NLBAKOO, 제품 설명: AI로 시작하는 새로운 소통의 방법
AI 편집까지 더해진 차원이 다른 카메라 경험
미네랄에서 영감을 받은 컬러, 수령방법: 매장픽업 가능, 재고 수량: 474, 할인가: 1,234,000, WEB 접속: 0, APP 접속: 20,000"
갤럭시 S24+ 자급제 (삼성닷컴/삼성 강남 전용컬러),mobile,smartphones,galaxy-s,"1,353,000","1,353,000","1,234,000",SM-S926NZOAKOO,"AI로 시작하는 새로운 소통의 방법
AI 편집까지 더해진 차원이 다른 카메라 경험
미네랄에서 영감을 받은 컬러",매장픽업 가능,83,"1,234,000",0,"20,000","품목: 갤럭시 S24+ 자급제 (삼성닷컴/삼성 강남 전용컬러), 카테고리_1: mobile, 카테고리_2: smartphones, 카테고리_3: galaxy-s, 기준가: 1,353,000, 회원가: 1,353,000, 혜택가: 1,234,000, 프러덕트 코드: SM-S926NZOAKOO, 제품 설명: AI로 시작하는 새로운 소통의 방법
AI 편집까지 더해진 차원이 다른 카메라 경험
미네랄에서 영감을 받은 컬러, 수령방법: 매장픽업 가능, 재고 수량: 83, 할인가: 1,234,000, WEB 접속: 0, APP 접속: 20,000"
갤럭시 S24+ 자급제 (삼성닷컴/삼성 강남 전용컬러),mobile,smartphones,galaxy-s,"1,353,000","1,353,000","1,234,000",SM-S926NLGAKOO,"AI로 시작하는 새로운 소통의 방법
AI 편집까지 더해진 차원이 다른 카메라 경험
미네랄에서 영감을 받은 컬러",매장픽업 가능,167,"1,234,000",0,"20,000","품목: 갤럭시 S24+ 자급제 (삼성닷컴/삼성 강남 전용컬러), 카테고리_1: mobile, 카테고리_2: smartphones, 카테고리_3: galaxy-s, 기준가: 1,353,000, 회원가: 1,353,000, 혜택가: 1,234,000, 프러덕트 코드: SM-S926NLGAKOO, 제품 설명: AI로 시작하는 새로운 소통의 방법
AI 편집까지 더해진 차원이 다른 카메라 경험
미네랄에서 영감을 받은 컬러, 수령방법: 매장픽업 가능, 재고 수량: 167, 할인가: 1,234,000, WEB 접속: 0, APP 접속: 20,000"
갤럭시 S24+ 자급제 (삼성닷컴/삼성 강남 전용컬러),mobile,smartphones,galaxy-s,"1,496,000","1,496,000","1,359,000",SM-S926NLBEKOO,"AI로 시작하는 새로운 소통의 방법
AI 편집까지 더해진 차원이 다른 카메라 경험
미네랄에서 영감을 받은 컬러",매장픽업 가능,264,"1,359,000",0,"20,000","품목: 갤럭시 S24+ 자급제 (삼성닷컴/삼성 강남 전용컬러), 카테고리_1: mobile, 카테고리_2: smartphones, 카테고리_3: galaxy-s, 기준가: 1,496,000, 회원가: 1,496,000, 혜택가: 1,359,000, 프러덕트 코드: SM-S926NLBEKOO, 제품 설명: AI로 시작하는 새로운 소통의 방법
AI 편집까지 더해진 차원이 다른 카메라 경험
미네랄에서 영감을 받은 컬러, 수령방법: 매장픽업 가능, 재고 수량: 264, 할인가: 1,359,000, WEB 접속: 0, APP 접속: 20,000"
갤럭시 S24+ 자급제 (삼성닷컴/삼성 강남 전용컬러),mobile,smartphones,galaxy-s,"1,496,000","1,496,000","1,359,000",SM-S926NZOEKOO,"AI로 시작하는 새로운 소통의 방법
AI 편집까지 더해진 차원이 다른 카메라 경험
미네랄에서 영감을 받은 컬러",매장픽업 가능,91,"1,359,000",0,"20,000","품목: 갤럭시 S24+ 자급제 (삼성닷컴/삼성 강남 전용컬러), 카테고리_1: mobile, 카테고리_2: smartphones, 카테고리_3: galaxy-s, 기준가: 1,496,000, 회원가: 1,496,000, 혜택가: 1,359,000, 프러덕트 코드: SM-S926NZOEKOO, 제품 설명: AI로 시작하는 새로운 소통의 방법
AI 편집까지 더해진 차원이 다른 카메라 경험
미네랄에서 영감을 받은 컬러, 수령방법: 매장픽업 가능, 재고 수량: 91, 할인가: 1,359,000, WEB 접속: 0, APP 접속: 20,000"
갤럭시 S24+ 자급제 (삼성닷컴/삼성 강남 전용컬러),mobile,smartphones,galaxy-s,"1,496,000","1,496,000","1,359,000",SM-S926NLGEKOO,"AI로 시작하는 새로운 소통의 방법
AI 편집까지 더해진 차원이 다른 카메라 경험
미네랄에서 영감을 받은 컬러",매장픽업 가능,94,"1,359,000",0,"20,000","품목: 갤럭시 S24+ 자급제 (삼성닷컴/삼성 강남 전용컬러), 카테고리_1: mobile, 카테고리_2: smartphones, 카테고리_3: galaxy-s, 기준가: 1,496,000, 회원가: 1,496,000, 혜택가: 1,359,000, 프러덕트 코드: SM-S926NLGEKOO, 제품 설명: AI로 시작하는 새로운 소통의 방법
AI 편집까지 더해진 차원이 다른 카메라 경험
미네랄에서 영감을 받은 컬러, 수령방법: 매장픽업 가능, 재고 수량: 94, 할인가: 1,359,000, WEB 접속: 0, APP 접속: 20,000"
갤럭시 S24 Ultra 자급제,mobile,smartphones,galaxy-s,"1,698,400","1,698,400","1,539,000",SM-S928NZTEKOO,"AI로 시작하는 새로운 소통의 방법
2억 화소에 AI 편집까지 더해진 차원이 다른 카메라 경험
고사양 게임을 더욱 쾌적하게 즐길 수 있는 강력한 퍼포먼스",매장픽업 가능,135,"1,539,000",0,"20,000","품목: 갤럭시 S24 Ultra 자급제, 카테고리_1: mobile, 카테고리_2: smartphones, 카테고리_3: galaxy-s, 기준가: 1,698,400, 회원가: 1,698,400, 혜택가: 1,539,000, 프러덕트 코드: SM-S928NZTEKOO, 제품 설명: AI로 시작하는 새로운 소통의 방법
2억 화소에 AI 편집까지 더해진 차원이 다른 카메라 경험
고사양 게임을 더욱 쾌적하게 즐길 수 있는 강력한 퍼포먼스, 수령방법: 매장픽업 가능, 재고 수량: 135, 할인가: 1,539,000, WEB 접속: 0, APP 접속: 20,000"
갤럭시 S24 Ultra 자급제,mobile,smartphones,galaxy-s,"1,698,400","1,698,400","1,539,000",SM-S928NZYEKOO,"AI로 시작하는 새로운 소통의 방법
2억 화소에 AI 편집까지 더해진 차원이 다른 카메라 경험
고사양 게임을 더욱 쾌적하게 즐길 수 있는 강력한 퍼포먼스",매장픽업 가능,73,"1,539,000",0,"20,000","품목: 갤럭시 S24 Ultra 자급제, 카테고리_1: mobile, 카테고리_2: smartphones, 카테고리_3: galaxy-s, 기준가: 1,698,400, 회원가: 1,698,400, 혜택가: 1,539,000, 프러덕트 코드: SM-S928NZYEKOO, 제품 설명: AI로 시작하는 새로운 소통의 방법
2억 화소에 AI 편집까지 더해진 차원이 다른 카메라 경험
고사양 게임을 더욱 쾌적하게 즐길 수 있는 강력한 퍼포먼스, 수령방법: 매장픽업 가능, 재고 수량: 73, 할인가: 1,539,000, WEB 접속: 0, APP 접속: 20,000"
갤럭시 S24 Ultra 자급제,mobile,smartphones,galaxy-s,"1,698,400","1,698,400","1,539,000",SM-S928NZVEKOO,"AI로 시작하는 새로운 소통의 방법
2억 화소에 AI 편집까지 더해진 차원이 다른 카메라 경험
고사양 게임을 더욱 쾌적하게 즐길 수 있는 강력한 퍼포먼스",매장픽업 가능,85,"1,539,000",0,"20,000","품목: 갤럭시 S24 Ultra 자급제, 카테고리_1: mobile, 카테고리_2: smartphones, 카테고리_3: galaxy-s, 기준가: 1,698,400, 회원가: 1,698,400, 혜택가: 1,539,000, 프러덕트 코드: SM-S928NZVEKOO, 제품 설명: AI로 시작하는 새로운 소통의 방법
2억 화소에 AI 편집까지 더해진 차원이 다른 카메라 경험
고사양 게임을 더욱 쾌적하게 즐길 수 있는 강력한 퍼포먼스, 수령방법: 매장픽업 가능, 재고 수량: 85, 할인가: 1,539,000, WEB 접속: 0, APP 접속: 20,000"
갤럭시 S24 Ultra 자급제,mobile,smartphones,galaxy-s,"1,698,400","1,698,400","1,539,000",SM-S928NZKEKOO,"AI로 시작하는 새로운 소통의 방법
2억 화소에 AI 편집까지 더해진 차원이 다른 카메라 경험
고사양 게임을 더욱 쾌적하게 즐길 수 있는 강력한 퍼포먼스",매장픽업 가능,86,"1,539,000",0,"20,000","품목: 갤럭시 S24 Ultra 자급제, 카테고리_1: mobile, 카테고리_2: smartphones, 카테고리_3: galaxy-s, 기준가: 1,698,400, 회원가: 1,698,400, 혜택가: 1,539,000, 프러덕트 코드: SM-S928NZKEKOO, 제품 설명: AI로 시작하는 새로운 소통의 방법
2억 화소에 AI 편집까지 더해진 차원이 다른 카메라 경험
고사양 게임을 더욱 쾌적하게 즐길 수 있는 강력한 퍼포먼스, 수령방법: 매장픽업 가능, 재고 수량: 86, 할인가: 1,539,000, WEB 접속: 0, APP 접속: 20,000"
갤럭시 S24 Ultra 자급제,mobile,smartphones,galaxy-s,"1,841,400","1,841,400","1,664,000",SM-S928NZTFKOO,"AI로 시작하는 새로운 소통의 방법
2억 화소에 AI 편집까지 더해진 차원이 다른 카메라 경험
고사양 게임을 더욱 쾌적하게 즐길 수 있는 강력한 퍼포먼스",매장픽업 가능,161,"1,664,000",0,"20,000","품목: 갤럭시 S24 Ultra 자급제, 카테고리_1: mobile, 카테고리_2: smartphones, 카테고리_3: galaxy-s, 기준가: 1,841,400, 회원가: 1,841,400, 혜택가: 1,664,000, 프러덕트 코드: SM-S928NZTFKOO, 제품 설명: AI로 시작하는 새로운 소통의 방법
2억 화소에 AI 편집까지 더해진 차원이 다른 카메라 경험
고사양 게임을 더욱 쾌적하게 즐길 수 있는 강력한 퍼포먼스, 수령방법: 매장픽업 가능, 재고 수량: 161, 할인가: 1,664,000, WEB 접속: 0, APP 접속: 20,000"
갤럭시 S24 Ultra 자급제,mobile,smartphones,galaxy-s,"1,841,400","1,841,400","1,664,000",SM-S928NZYFKOO,"AI로 시작하는 새로운 소통의 방법
2억 화소에 AI 편집까지 더해진 차원이 다른 카메라 경험
고사양 게임을 더욱 쾌적하게 즐길 수 있는 강력한 퍼포먼스",매장픽업 가능,128,"1,664,000",0,"20,000","품목: 갤럭시 S24 Ultra 자급제, 카테고리_1: mobile, 카테고리_2: smartphones, 카테고리_3: galaxy-s, 기준가: 1,841,400, 회원가: 1,841,400, 혜택가: 1,664,000, 프러덕트 코드: SM-S928NZYFKOO, 제품 설명: AI로 시작하는 새로운 소통의 방법
2억 화소에 AI 편집까지 더해진 차원이 다른 카메라 경험
고사양 게임을 더욱 쾌적하게 즐길 수 있는 강력한 퍼포먼스, 수령방법: 매장픽업 가능, 재고 수량: 128, 할인가: 1,664,000, WEB 접속: 0, APP 접속: 20,000"
갤럭시 S24 Ultra 자급제,mobile,smartphones,galaxy-s,"1,841,400","1,841,400","1,664,000",SM-S928NZVFKOO,"AI로 시작하는 새로운 소통의 방법
2억 화소에 AI 편집까지 더해진 차원이 다른 카메라 경험
고사양 게임을 더욱 쾌적하게 즐길 수 있는 강력한 퍼포먼스",매장픽업 가능,85,"1,664,000",0,"20,000","품목: 갤럭시 S24 Ultra 자급제, 카테고리_1: mobile, 카테고리_2: smartphones, 카테고리_3: galaxy-s, 기준가: 1,841,400, 회원가: 1,841,400, 혜택가: 1,664,000, 프러덕트 코드: SM-S928NZVFKOO, 제품 설명: AI로 시작하는 새로운 소통의 방법
2억 화소에 AI 편집까지 더해진 차원이 다른 카메라 경험
고사양 게임을 더욱 쾌적하게 즐길 수 있는 강력한 퍼포먼스, 수령방법: 매장픽업 가능, 재고 수량: 85, 할인가: 1,664,000, WEB 접속: 0, APP 접속: 20,000"
갤럭시 S24 Ultra 자급제,mobile,smartphones,galaxy-s,"1,841,400","1,841,400","1,664,000",SM-S928NZKFKOO,"AI로 시작하는 새로운 소통의 방법
2억 화소에 AI 편집까지 더해진 차원이 다른 카메라 경험
고사양 게임을 더욱 쾌적하게 즐길 수 있는 강력한 퍼포먼스",매장픽업 가능,248,"1,664,000",0,"20,000","품목: 갤럭시 S24 Ultra 자급제, 카테고리_1: mobile, 카테고리_2: smartphones, 카테고리_3: galaxy-s, 기준가: 1,841,400, 회원가: 1,841,400, 혜택가: 1,664,000, 프러덕트 코드: SM-S928NZKFKOO, 제품 설명: AI로 시작하는 새로운 소통의 방법
2억 화소에 AI 편집까지 더해진 차원이 다른 카메라 경험
고사양 게임을 더욱 쾌적하게 즐길 수 있는 강력한 퍼포먼스, 수령방법: 매장픽업 가능, 재고 수량: 248, 할인가: 1,664,000, WEB 접속: 0, APP 접속: 20,000"
갤럭시 S24 Ultra 자급제,mobile,smartphones,galaxy-s,"2,127,400","2,127,400","1,914,000",SM-S928NZTNKOO,"AI로 시작하는 새로운 소통의 방법
2억 화소에 AI 편집까지 더해진 차원이 다른 카메라 경험
고사양 게임을 더욱 쾌적하게 즐길 수 있는 강력한 퍼포먼스",매장픽업 가능,150,"1,914,000",0,"20,000","품목: 갤럭시 S24 Ultra 자급제, 카테고리_1: mobile, 카테고리_2: smartphones, 카테고리_3: galaxy-s, 기준가: 2,127,400, 회원가: 2,127,400, 혜택가: 1,914,000, 프러덕트 코드: SM-S928NZTNKOO, 제품 설명: AI로 시작하는 새로운 소통의 방법
2억 화소에 AI 편집까지 더해진 차원이 다른 카메라 경험
고사양 게임을 더욱 쾌적하게 즐길 수 있는 강력한 퍼포먼스, 수령방법: 매장픽업 가능, 재고 수량: 150, 할인가: 1,914,000, WEB 접속: 0, APP 접속: 20,000"
갤럭시 S24 Ultra 자급제,mobile,smartphones,galaxy-s,"2,127,400","2,127,400","1,914,000",SM-S928NZYNKOO,"AI로 시작하는 새로운 소통의 방법
2억 화소에 AI 편집까지 더해진 차원이 다른 카메라 경험
고사양 게임을 더욱 쾌적하게 즐길 수 있는 강력한 퍼포먼스",매장픽업 가능,120,"1,914,000",0,"20,000","품목: 갤럭시 S24 Ultra 자급제, 카테고리_1: mobile, 카테고리_2: smartphones, 카테고리_3: galaxy-s, 기준가: 2,127,400, 회원가: 2,127,400, 혜택가: 1,914,000, 프러덕트 코드: SM-S928NZYNKOO, 제품 설명: AI로 시작하는 새로운 소통의 방법
2억 화소에 AI 편집까지 더해진 차원이 다른 카메라 경험
고사양 게임을 더욱 쾌적하게 즐길 수 있는 강력한 퍼포먼스, 수령방법: 매장픽업 가능, 재고 수량: 120, 할인가: 1,914,000, WEB 접속: 0, APP 접속: 20,000"
갤럭시 S24 Ultra 자급제,mobile,smartphones,galaxy-s,"2,127,400","2,127,400","1,914,000",SM-S928NZVNKOO,"AI로 시작하는 새로운 소통의 방법
2억 화소에 AI 편집까지 더해진 차원이 다른 카메라 경험
고사양 게임을 더욱 쾌적하게 즐길 수 있는 강력한 퍼포먼스",매장픽업 가능,88,"1,914,000",0,"20,000","품목: 갤럭시 S24 Ultra 자급제, 카테고리_1: mobile, 카테고리_2: smartphones, 카테고리_3: galaxy-s, 기준가: 2,127,400, 회원가: 2,127,400, 혜택가: 1,914,000, 프러덕트 코드: SM-S928NZVNKOO, 제품 설명: AI로 시작하는 새로운 소통의 방법
2억 화소에 AI 편집까지 더해진 차원이 다른 카메라 경험
고사양 게임을 더욱 쾌적하게 즐길 수 있는 강력한 퍼포먼스, 수령방법: 매장픽업 가능, 재고 수량: 88, 할인가: 1,914,000, WEB 접속: 0, APP 접속: 20,000"
갤럭시 S24 Ultra 자급제,mobile,smartphones,galaxy-s,"2,127,400","2,127,400","1,914,000",SM-S928NZKNKOO,"AI로 시작하는 새로운 소통의 방법
2억 화소에 AI 편집까지 더해진 차원이 다른 카메라 경험
고사양 게임을 더욱 쾌적하게 즐길 수 있는 강력한 퍼포먼스",매장픽업 가능,56,"1,914,000",0,"20,000","품목: 갤럭시 S24 Ultra 자급제, 카테고리_1: mobile, 카테고리_2: smartphones, 카테고리_3: galaxy-s, 기준가: 2,127,400, 회원가: 2,127,400, 혜택가: 1,914,000, 프러덕트 코드: SM-S928NZKNKOO, 제품 설명: AI로 시작하는 새로운 소통의 방법
2억 화소에 AI 편집까지 더해진 차원이 다른 카메라 경험
고사양 게임을 더욱 쾌적하게 즐길 수 있는 강력한 퍼포먼스, 수령방법: 매장픽업 가능, 재고 수량: 56, 할인가: 1,914,000, WEB 접속: 0, APP 접속: 20,000"
갤럭시 S24 Ultra 자급제 (삼성닷컴/삼성 강남 전용컬러),mobile,smartphones,galaxy-s,"1,698,400","1,698,400","1,484,000",SM-S928NLBEKOO,"AI로 시작하는 새로운 소통의 방법
2억 화소에 AI 편집까지 더해진 차원이 다른 카메라 경험
고사양 게임을 더욱 쾌적하게 즐길 수 있는 강력한 퍼포먼스",매장픽업 가능,137,"1,484,000",0,"20,000","품목: 갤럭시 S24 Ultra 자급제 (삼성닷컴/삼성 강남 전용컬러), 카테고리_1: mobile, 카테고리_2: smartphones, 카테고리_3: galaxy-s, 기준가: 1,698,400, 회원가: 1,698,400, 혜택가: 1,484,000, 프러덕트 코드: SM-S928NLBEKOO, 제품 설명: AI로 시작하는 새로운 소통의 방법
2억 화소에 AI 편집까지 더해진 차원이 다른 카메라 경험
고사양 게임을 더욱 쾌적하게 즐길 수 있는 강력한 퍼포먼스, 수령방법: 매장픽업 가능, 재고 수량: 137, 할인가: 1,484,000, WEB 접속: 0, APP 접속: 20,000"
갤럭시 S24 Ultra 자급제 (삼성닷컴/삼성 강남 전용컬러),mobile,smartphones,galaxy-s,"1,698,400","1,698,400","1,484,000",SM-S928NZOEKOO,"AI로 시작하는 새로운 소통의 방법
2억 화소에 AI 편집까지 더해진 차원이 다른 카메라 경험
고사양 게임을 더욱 쾌적하게 즐길 수 있는 강력한 퍼포먼스",매장픽업 가능,101,"1,484,000",0,"20,000","품목: 갤럭시 S24 Ultra 자급제 (삼성닷컴/삼성 강남 전용컬러), 카테고리_1: mobile, 카테고리_2: smartphones, 카테고리_3: galaxy-s, 기준가: 1,698,400, 회원가: 1,698,400, 혜택가: 1,484,000, 프러덕트 코드: SM-S928NZOEKOO, 제품 설명: AI로 시작하는 새로운 소통의 방법
2억 화소에 AI 편집까지 더해진 차원이 다른 카메라 경험
고사양 게임을 더욱 쾌적하게 즐길 수 있는 강력한 퍼포먼스, 수령방법: 매장픽업 가능, 재고 수량: 101, 할인가: 1,484,000, WEB 접속: 0, APP 접속: 20,000"
갤럭시 S24 Ultra 자급제 (삼성닷컴/삼성 강남 전용컬러),mobile,smartphones,galaxy-s,"1,698,400","1,698,400","1,484,000",SM-S928NLGEKOO,"AI로 시작하는 새로운 소통의 방법
2억 화소에 AI 편집까지 더해진 차원이 다른 카메라 경험
고사양 게임을 더욱 쾌적하게 즐길 수 있는 강력한 퍼포먼스",매장픽업 가능,69,"1,484,000",0,"20,000","품목: 갤럭시 S24 Ultra 자급제 (삼성닷컴/삼성 강남 전용컬러), 카테고리_1: mobile, 카테고리_2: smartphones, 카테고리_3: galaxy-s, 기준가: 1,698,400, 회원가: 1,698,400, 혜택가: 1,484,000, 프러덕트 코드: SM-S928NLGEKOO, 제품 설명: AI로 시작하는 새로운 소통의 방법
2억 화소에 AI 편집까지 더해진 차원이 다른 카메라 경험
고사양 게임을 더욱 쾌적하게 즐길 수 있는 강력한 퍼포먼스, 수령방법: 매장픽업 가능, 재고 수량: 69, 할인가: 1,484,000, WEB 접속: 0, APP 접속: 20,000"
갤럭시 S24 Ultra 자급제 (삼성닷컴/삼성 강남 전용컬러),mobile,smartphones,galaxy-s,"1,841,400","1,841,400","1,605,000",SM-S928NLBFKOO,"AI로 시작하는 새로운 소통의 방법
2억 화소에 AI 편집까지 더해진 차원이 다른 카메라 경험
고사양 게임을 더욱 쾌적하게 즐길 수 있는 강력한 퍼포먼스",매장픽업 가능,411,"1,605,000",0,"20,000","품목: 갤럭시 S24 Ultra 자급제 (삼성닷컴/삼성 강남 전용컬러), 카테고리_1: mobile, 카테고리_2: smartphones, 카테고리_3: galaxy-s, 기준가: 1,841,400, 회원가: 1,841,400, 혜택가: 1,605,000, 프러덕트 코드: SM-S928NLBFKOO, 제품 설명: AI로 시작하는 새로운 소통의 방법
2억 화소에 AI 편집까지 더해진 차원이 다른 카메라 경험
고사양 게임을 더욱 쾌적하게 즐길 수 있는 강력한 퍼포먼스, 수령방법: 매장픽업 가능, 재고 수량: 411, 할인가: 1,605,000, WEB 접속: 0, APP 접속: 20,000"
갤럭시 S24 Ultra 자급제 (삼성닷컴/삼성 강남 전용컬러),mobile,smartphones,galaxy-s,"1,841,400","1,841,400","1,605,000",SM-S928NZOFKOO,"AI로 시작하는 새로운 소통의 방법
2억 화소에 AI 편집까지 더해진 차원이 다른 카메라 경험
고사양 게임을 더욱 쾌적하게 즐길 수 있는 강력한 퍼포먼스",매장픽업 가능,68,"1,605,000",0,"20,000","품목: 갤럭시 S24 Ultra 자급제 (삼성닷컴/삼성 강남 전용컬러), 카테고리_1: mobile, 카테고리_2: smartphones, 카테고리_3: galaxy-s, 기준가: 1,841,400, 회원가: 1,841,400, 혜택가: 1,605,000, 프러덕트 코드: SM-S928NZOFKOO, 제품 설명: AI로 시작하는 새로운 소통의 방법
2억 화소에 AI 편집까지 더해진 차원이 다른 카메라 경험
고사양 게임을 더욱 쾌적하게 즐길 수 있는 강력한 퍼포먼스, 수령방법: 매장픽업 가능, 재고 수량: 68, 할인가: 1,605,000, WEB 접속: 0, APP 접속: 20,000"
갤럭시 S24 Ultra 자급제 (삼성닷컴/삼성 강남 전용컬러),mobile,smartphones,galaxy-s,"1,841,400","1,841,400","1,605,000",SM-S928NLGFKOO,"AI로 시작하는 새로운 소통의 방법
2억 화소에 AI 편집까지 더해진 차원이 다른 카메라 경험
고사양 게임을 더욱 쾌적하게 즐길 수 있는 강력한 퍼포먼스",매장픽업 가능,176,"1,605,000",0,"20,000","품목: 갤럭시 S24 Ultra 자급제 (삼성닷컴/삼성 강남 전용컬러), 카테고리_1: mobile, 카테고리_2: smartphones, 카테고리_3: galaxy-s, 기준가: 1,841,400, 회원가: 1,841,400, 혜택가: 1,605,000, 프러덕트 코드: SM-S928NLGFKOO, 제품 설명: AI로 시작하는 새로운 소통의 방법
2억 화소에 AI 편집까지 더해진 차원이 다른 카메라 경험
고사양 게임을 더욱 쾌적하게 즐길 수 있는 강력한 퍼포먼스, 수령방법: 매장픽업 가능, 재고 수량: 176, 할인가: 1,605,000, WEB 접속: 0, APP 접속: 20,000"
갤럭시 S24 Ultra 자급제 (삼성닷컴/삼성 강남 전용컬러),mobile,smartphones,galaxy-s,"2,127,400","2,127,400","1,847,000",SM-S928NLBNKOO,"AI로 시작하는 새로운 소통의 방법
2억 화소에 AI 편집까지 더해진 차원이 다른 카메라 경험
고사양 게임을 더욱 쾌적하게 즐길 수 있는 강력한 퍼포먼스",매장픽업 가능,58,"1,847,000",0,"20,000","품목: 갤럭시 S24 Ultra 자급제 (삼성닷컴/삼성 강남 전용컬러), 카테고리_1: mobile, 카테고리_2: smartphones, 카테고리_3: galaxy-s, 기준가: 2,127,400, 회원가: 2,127,400, 혜택가: 1,847,000, 프러덕트 코드: SM-S928NLBNKOO, 제품 설명: AI로 시작하는 새로운 소통의 방법
2억 화소에 AI 편집까지 더해진 차원이 다른 카메라 경험
고사양 게임을 더욱 쾌적하게 즐길 수 있는 강력한 퍼포먼스, 수령방법: 매장픽업 가능, 재고 수량: 58, 할인가: 1,847,000, WEB 접속: 0, APP 접속: 20,000"
갤럭시 S24 Ultra 자급제 (삼성닷컴/삼성 강남 전용컬러),mobile,smartphones,galaxy-s,"2,127,400","2,127,400","1,847,000",SM-S928NZONKOO,"AI로 시작하는 새로운 소통의 방법
2억 화소에 AI 편집까지 더해진 차원이 다른 카메라 경험
고사양 게임을 더욱 쾌적하게 즐길 수 있는 강력한 퍼포먼스",매장픽업 가능,125,"1,847,000",0,"20,000","품목: 갤럭시 S24 Ultra 자급제 (삼성닷컴/삼성 강남 전용컬러), 카테고리_1: mobile, 카테고리_2: smartphones, 카테고리_3: galaxy-s, 기준가: 2,127,400, 회원가: 2,127,400, 혜택가: 1,847,000, 프러덕트 코드: SM-S928NZONKOO, 제품 설명: AI로 시작하는 새로운 소통의 방법
2억 화소에 AI 편집까지 더해진 차원이 다른 카메라 경험
고사양 게임을 더욱 쾌적하게 즐길 수 있는 강력한 퍼포먼스, 수령방법: 매장픽업 가능, 재고 수량: 125, 할인가: 1,847,000, WEB 접속: 0, APP 접속: 20,000"
갤럭시 S24 Ultra 자급제 (삼성닷컴/삼성 강남 전용컬러),mobile,smartphones,galaxy-s,"2,127,400","2,127,400","1,847,000",SM-S928NLGNKOO,"AI로 시작하는 새로운 소통의 방법
2억 화소에 AI 편집까지 더해진 차원이 다른 카메라 경험
고사양 게임을 더욱 쾌적하게 즐길 수 있는 강력한 퍼포먼스",매장픽업 가능,24,"1,847,000",0,"20,000","품목: 갤럭시 S24 Ultra 자급제 (삼성닷컴/삼성 강남 전용컬러), 카테고리_1: mobile, 카테고리_2: smartphones, 카테고리_3: galaxy-s, 기준가: 2,127,400, 회원가: 2,127,400, 혜택가: 1,847,000, 프러덕트 코드: SM-S928NLGNKOO, 제품 설명: AI로 시작하는 새로운 소통의 방법
2억 화소에 AI 편집까지 더해진 차원이 다른 카메라 경험
고사양 게임을 더욱 쾌적하게 즐길 수 있는 강력한 퍼포먼스, 수령방법: 매장픽업 가능, 재고 수량: 24, 할인가: 1,847,000, WEB 접속: 0, APP 접속: 20,000"
갤럭시 S23 자급제,mobile,smartphones,galaxy-s,"1,276,000","1,276,000","1,139,000",SM-S911NLIFKOO,"보고 싶은 영상을 마음껏 즐길 수 있는 파워풀한 퍼포먼스
어두워도 밝게, 셀피는 감성적으로 급이 다른 카메라
갤럭시의 아이덴티티를 완성하는 디자인",매장픽업 불가능,0,"1,139,000",[NULL],[NULL],"품목: 갤럭시 S23 자급제, 카테고리_1: mobile, 카테고리_2: smartphones, 카테고리_3: galaxy-s, 기준가: 1,276,000, 회원가: 1,276,000, 혜택가: 1,139,000, 프러덕트 코드: SM-S911NLIFKOO, 제품 설명: 보고 싶은 영상을 마음껏 즐길 수 있는 파워풀한 퍼포먼스
어두워도 밝게, 셀피는 감성적으로 급이 다른 카메라
갤럭시의 아이덴티티를 완성하는 디자인, 수령방법: 매장픽업 불가능, 재고 수량: 0, 할인가: 1,139,000, WEB 접속: [NULL], APP 접속: [NULL]"
갤럭시 S23 자급제,mobile,smartphones,galaxy-s,"1,276,000","1,276,000","1,139,000",SM-S911NZGFKOO,"보고 싶은 영상을 마음껏 즐길 수 있는 파워풀한 퍼포먼스
어두워도 밝게, 셀피는 감성적으로 급이 다른 카메라
갤럭시의 아이덴티티를 완성하는 디자인",매장픽업 불가능,0,"1,139,000",[NULL],[NULL],"품목: 갤럭시 S23 자급제, 카테고리_1: mobile, 카테고리_2: smartphones, 카테고리_3: galaxy-s, 기준가: 1,276,000, 회원가: 1,276,000, 혜택가: 1,139,000, 프러덕트 코드: SM-S911NZGFKOO, 제품 설명: 보고 싶은 영상을 마음껏 즐길 수 있는 파워풀한 퍼포먼스
어두워도 밝게, 셀피는 감성적으로 급이 다른 카메라
갤럭시의 아이덴티티를 완성하는 디자인, 수령방법: 매장픽업 불가능, 재고 수량: 0, 할인가: 1,139,000, WEB 접속: [NULL], APP 접속: [NULL]"
갤럭시 S23 자급제,mobile,smartphones,galaxy-s,"1,276,000","1,276,000","1,139,000",SM-S911NZEFKOO,"보고 싶은 영상을 마음껏 즐길 수 있는 파워풀한 퍼포먼스
어두워도 밝게, 셀피는 감성적으로 급이 다른 카메라
갤럭시의 아이덴티티를 완성하는 디자인",매장픽업 불가능,0,"1,139,000",[NULL],[NULL],"품목: 갤럭시 S23 자급제, 카테고리_1: mobile, 카테고리_2: smartphones, 카테고리_3: galaxy-s, 기준가: 1,276,000, 회원가: 1,276,000, 혜택가: 1,139,000, 프러덕트 코드: SM-S911NZEFKOO, 제품 설명: 보고 싶은 영상을 마음껏 즐길 수 있는 파워풀한 퍼포먼스
어두워도 밝게, 셀피는 감성적으로 급이 다른 카메라
갤럭시의 아이덴티티를 완성하는 디자인, 수령방법: 매장픽업 불가능, 재고 수량: 0, 할인가: 1,139,000, WEB 접속: [NULL], APP 접속: [NULL]"
갤럭시 S23 자급제,mobile,smartphones,galaxy-s,"1,276,000","1,276,000","1,139,000",SM-S911NZKFKOO,"보고 싶은 영상을 마음껏 즐길 수 있는 파워풀한 퍼포먼스
어두워도 밝게, 셀피는 감성적으로 급이 다른 카메라
갤럭시의 아이덴티티를 완성하는 디자인",매장픽업 불가능,0,"1,139,000",[NULL],[NULL],"품목: 갤럭시 S23 자급제, 카테고리_1: mobile, 카테고리_2: smartphones, 카테고리_3: galaxy-s, 기준가: 1,276,000, 회원가: 1,276,000, 혜택가: 1,139,000, 프러덕트 코드: SM-S911NZKFKOO, 제품 설명: 보고 싶은 영상을 마음껏 즐길 수 있는 파워풀한 퍼포먼스
어두워도 밝게, 셀피는 감성적으로 급이 다른 카메라
갤럭시의 아이덴티티를 완성하는 디자인, 수령방법: 매장픽업 불가능, 재고 수량: 0, 할인가: 1,139,000, WEB 접속: [NULL], APP 접속: [NULL]"
갤럭시 S23 자급제,mobile,smartphones,galaxy-s,"1,155,000","1,155,000","1,019,000",SM-S911NLIEKOO,"보고 싶은 영상을 마음껏 즐길 수 있는 파워풀한 퍼포먼스
어두워도 밝게, 셀피는 감성적으로 급이 다른 카메라
갤럭시의 아이덴티티를 완성하는 디자인",매장픽업 불가능,0,"1,019,000",[NULL],[NULL],"품목: 갤럭시 S23 자급제, 카테고리_1: mobile, 카테고리_2: smartphones, 카테고리_3: galaxy-s, 기준가: 1,155,000, 회원가: 1,155,000, 혜택가: 1,019,000, 프러덕트 코드: SM-S911NLIEKOO, 제품 설명: 보고 싶은 영상을 마음껏 즐길 수 있는 파워풀한 퍼포먼스
어두워도 밝게, 셀피는 감성적으로 급이 다른 카메라
갤럭시의 아이덴티티를 완성하는 디자인, 수령방법: 매장픽업 불가능, 재고 수량: 0, 할인가: 1,019,000, WEB 접속: [NULL], APP 접속: [NULL]"
갤럭시 S23 자급제,mobile,smartphones,galaxy-s,"1,155,000","1,155,000","1,019,000",SM-S911NZGEKOO,"보고 싶은 영상을 마음껏 즐길 수 있는 파워풀한 퍼포먼스
어두워도 밝게, 셀피는 감성적으로 급이 다른 카메라
갤럭시의 아이덴티티를 완성하는 디자인",매장픽업 불가능,0,"1,019,000",[NULL],[NULL],"품목: 갤럭시 S23 자급제, 카테고리_1: mobile, 카테고리_2: smartphones, 카테고리_3: galaxy-s, 기준가: 1,155,000, 회원가: 1,155,000, 혜택가: 1,019,000, 프러덕트 코드: SM-S911NZGEKOO, 제품 설명: 보고 싶은 영상을 마음껏 즐길 수 있는 파워풀한 퍼포먼스
어두워도 밝게, 셀피는 감성적으로 급이 다른 카메라
갤럭시의 아이덴티티를 완성하는 디자인, 수령방법: 매장픽업 불가능, 재고 수량: 0, 할인가: 1,019,000, WEB 접속: [NULL], APP 접속: [NULL]"
갤럭시 S23 자급제,mobile,smartphones,galaxy-s,"1,155,000","1,155,000","1,019,000",SM-S911NZEEKOO,"보고 싶은 영상을 마음껏 즐길 수 있는 파워풀한 퍼포먼스
어두워도 밝게, 셀피는 감성적으로 급이 다른 카메라
갤럭시의 아이덴티티를 완성하는 디자인",매장픽업 불가능,0,"1,019,000",[NULL],[NULL],"품목: 갤럭시 S23 자급제, 카테고리_1: mobile, 카테고리_2: smartphones, 카테고리_3: galaxy-s, 기준가: 1,155,000, 회원가: 1,155,000, 혜택가: 1,019,000, 프러덕트 코드: SM-S911NZEEKOO, 제품 설명: 보고 싶은 영상을 마음껏 즐길 수 있는 파워풀한 퍼포먼스
어두워도 밝게, 셀피는 감성적으로 급이 다른 카메라
갤럭시의 아이덴티티를 완성하는 디자인, 수령방법: 매장픽업 불가능, 재고 수량: 0, 할인가: 1,019,000, WEB 접속: [NULL], APP 접속: [NULL]"
갤럭시 S23 자급제,mobile,smartphones,galaxy-s,"1,155,000","1,155,000","1,019,000",SM-S911NZKEKOO,"보고 싶은 영상을 마음껏 즐길 수 있는 파워풀한 퍼포먼스
어두워도 밝게, 셀피는 감성적으로 급이 다른 카메라
갤럭시의 아이덴티티를 완성하는 디자인",매장픽업 불가능,0,"1,019,000",[NULL],[NULL],"품목: 갤럭시 S23 자급제, 카테고리_1: mobile, 카테고리_2: smartphones, 카테고리_3: galaxy-s, 기준가: 1,155,000, 회원가: 1,155,000, 혜택가: 1,019,000, 프러덕트 코드: SM-S911NZKEKOO, 제품 설명: 보고 싶은 영상을 마음껏 즐길 수 있는 파워풀한 퍼포먼스
어두워도 밝게, 셀피는 감성적으로 급이 다른 카메라
갤럭시의 아이덴티티를 완성하는 디자인, 수령방법: 매장픽업 불가능, 재고 수량: 0, 할인가: 1,019,000, WEB 접속: [NULL], APP 접속: [NULL]"
갤럭시 S23+ 자급제,mobile,smartphones,galaxy-s,"1,474,000","1,474,000","1,309,000",SM-S916NLIEKOO,"보고 싶은 영상을 마음껏 즐길 수 있는 파워풀한 퍼포먼스
어두워도 밝게, 셀피는 감성적으로 급이 다른 카메라
갤럭시의 아이덴티티를 완성하는 디자인",매장픽업 불가능,0,"1,309,000",[NULL],[NULL],"품목: 갤럭시 S23+ 자급제, 카테고리_1: mobile, 카테고리_2: smartphones, 카테고리_3: galaxy-s, 기준가: 1,474,000, 회원가: 1,474,000, 혜택가: 1,309,000, 프러덕트 코드: SM-S916NLIEKOO, 제품 설명: 보고 싶은 영상을 마음껏 즐길 수 있는 파워풀한 퍼포먼스
어두워도 밝게, 셀피는 감성적으로 급이 다른 카메라
갤럭시의 아이덴티티를 완성하는 디자인, 수령방법: 매장픽업 불가능, 재고 수량: 0, 할인가: 1,309,000, WEB 접속: [NULL], APP 접속: [NULL]"
갤럭시 S23+ 자급제,mobile,smartphones,galaxy-s,"1,474,000","1,474,000","1,309,000",SM-S916NZGEKOO,"보고 싶은 영상을 마음껏 즐길 수 있는 파워풀한 퍼포먼스
어두워도 밝게, 셀피는 감성적으로 급이 다른 카메라
갤럭시의 아이덴티티를 완성하는 디자인",매장픽업 불가능,27,"1,309,000",[NULL],[NULL],"품목: 갤럭시 S23+ 자급제, 카테고리_1: mobile, 카테고리_2: smartphones, 카테고리_3: galaxy-s, 기준가: 1,474,000, 회원가: 1,474,000, 혜택가: 1,309,000, 프러덕트 코드: SM-S916NZGEKOO, 제품 설명: 보고 싶은 영상을 마음껏 즐길 수 있는 파워풀한 퍼포먼스
어두워도 밝게, 셀피는 감성적으로 급이 다른 카메라
갤럭시의 아이덴티티를 완성하는 디자인, 수령방법: 매장픽업 불가능, 재고 수량: 27, 할인가: 1,309,000, WEB 접속: [NULL], APP 접속: [NULL]"
갤럭시 S23+ 자급제,mobile,smartphones,galaxy-s,"1,474,000","1,474,000","1,309,000",SM-S916NZEEKOO,"보고 싶은 영상을 마음껏 즐길 수 있는 파워풀한 퍼포먼스
어두워도 밝게, 셀피는 감성적으로 급이 다른 카메라
갤럭시의 아이덴티티를 완성하는 디자인",매장픽업 불가능,0,"1,309,000",[NULL],[NULL],"품목: 갤럭시 S23+ 자급제, 카테고리_1: mobile, 카테고리_2: smartphones, 카테고리_3: galaxy-s, 기준가: 1,474,000, 회원가: 1,474,000, 혜택가: 1,309,000, 프러덕트 코드: SM-S916NZEEKOO, 제품 설명: 보고 싶은 영상을 마음껏 즐길 수 있는 파워풀한 퍼포먼스
어두워도 밝게, 셀피는 감성적으로 급이 다른 카메라
갤럭시의 아이덴티티를 완성하는 디자인, 수령방법: 매장픽업 불가능, 재고 수량: 0, 할인가: 1,309,000, WEB 접속: [NULL], APP 접속: [NULL]"
갤럭시 S23+ 자급제,mobile,smartphones,galaxy-s,"1,474,000","1,474,000","1,309,000",SM-S916NZKEKOO,"보고 싶은 영상을 마음껏 즐길 수 있는 파워풀한 퍼포먼스
어두워도 밝게, 셀피는 감성적으로 급이 다른 카메라
갤럭시의 아이덴티티를 완성하는 디자인",매장픽업 불가능,0,"1,309,000",[NULL],[NULL],"품목: 갤럭시 S23+ 자급제, 카테고리_1: mobile, 카테고리_2: smartphones, 카테고리_3: galaxy-s, 기준가: 1,474,000, 회원가: 1,474,000, 혜택가: 1,309,000, 프러덕트 코드: SM-S916NZKEKOO, 제품 설명: 보고 싶은 영상을 마음껏 즐길 수 있는 파워풀한 퍼포먼스
어두워도 밝게, 셀피는 감성적으로 급이 다른 카메라
갤럭시의 아이덴티티를 완성하는 디자인, 수령방법: 매장픽업 불가능, 재고 수량: 0, 할인가: 1,309,000, WEB 접속: [NULL], APP 접속: [NULL]"
갤럭시 S23+ 자급제,mobile,smartphones,galaxy-s,"1,353,000","1,353,000","1,199,000",SM-S916NLIAKOO,"보고 싶은 영상을 마음껏 즐길 수 있는 파워풀한 퍼포먼스
어두워도 밝게, 셀피는 감성적으로 급이 다른 카메라
갤럭시의 아이덴티티를 완성하는 디자인",매장픽업 불가능,1,"1,199,000",[NULL],[NULL],"품목: 갤럭시 S23+ 자급제, 카테고리_1: mobile, 카테고리_2: smartphones, 카테고리_3: galaxy-s, 기준가: 1,353,000, 회원가: 1,353,000, 혜택가: 1,199,000, 프러덕트 코드: SM-S916NLIAKOO, 제품 설명: 보고 싶은 영상을 마음껏 즐길 수 있는 파워풀한 퍼포먼스
어두워도 밝게, 셀피는 감성적으로 급이 다른 카메라
갤럭시의 아이덴티티를 완성하는 디자인, 수령방법: 매장픽업 불가능, 재고 수량: 1, 할인가: 1,199,000, WEB 접속: [NULL], APP 접속: [NULL]"
갤럭시 S23+ 자급제,mobile,smartphones,galaxy-s,"1,353,000","1,353,000","1,199,000",SM-S916NZGAKOO,"보고 싶은 영상을 마음껏 즐길 수 있는 파워풀한 퍼포먼스
어두워도 밝게, 셀피는 감성적으로 급이 다른 카메라
갤럭시의 아이덴티티를 완성하는 디자인",매장픽업 불가능,0,"1,199,000",[NULL],[NULL],"품목: 갤럭시 S23+ 자급제, 카테고리_1: mobile, 카테고리_2: smartphones, 카테고리_3: galaxy-s, 기준가: 1,353,000, 회원가: 1,353,000, 혜택가: 1,199,000, 프러덕트 코드: SM-S916NZGAKOO, 제품 설명: 보고 싶은 영상을 마음껏 즐길 수 있는 파워풀한 퍼포먼스
어두워도 밝게, 셀피는 감성적으로 급이 다른 카메라
갤럭시의 아이덴티티를 완성하는 디자인, 수령방법: 매장픽업 불가능, 재고 수량: 0, 할인가: 1,199,000, WEB 접속: [NULL], APP 접속: [NULL]"
갤럭시 S23+ 자급제,mobile,smartphones,galaxy-s,"1,353,000","1,353,000","1,199,000",SM-S916NZEAKOO,"보고 싶은 영상을 마음껏 즐길 수 있는 파워풀한 퍼포먼스
어두워도 밝게, 셀피는 감성적으로 급이 다른 카메라
갤럭시의 아이덴티티를 완성하는 디자인",매장픽업 불가능,0,"1,199,000",[NULL],[NULL],"품목: 갤럭시 S23+ 자급제, 카테고리_1: mobile, 카테고리_2: smartphones, 카테고리_3: galaxy-s, 기준가: 1,353,000, 회원가: 1,353,000, 혜택가: 1,199,000, 프러덕트 코드: SM-S916NZEAKOO, 제품 설명: 보고 싶은 영상을 마음껏 즐길 수 있는 파워풀한 퍼포먼스
어두워도 밝게, 셀피는 감성적으로 급이 다른 카메라
갤럭시의 아이덴티티를 완성하는 디자인, 수령방법: 매장픽업 불가능, 재고 수량: 0, 할인가: 1,199,000, WEB 접속: [NULL], APP 접속: [NULL]"
갤럭시 S23+ 자급제,mobile,smartphones,galaxy-s,"1,353,000","1,353,000","1,199,000",SM-S916NZKAKOO,"보고 싶은 영상을 마음껏 즐길 수 있는 파워풀한 퍼포먼스
어두워도 밝게, 셀피는 감성적으로 급이 다른 카메라
갤럭시의 아이덴티티를 완성하는 디자인",매장픽업 불가능,0,"1,199,000",[NULL],[NULL],"품목: 갤럭시 S23+ 자급제, 카테고리_1: mobile, 카테고리_2: smartphones, 카테고리_3: galaxy-s, 기준가: 1,353,000, 회원가: 1,353,000, 혜택가: 1,199,000, 프러덕트 코드: SM-S916NZKAKOO, 제품 설명: 보고 싶은 영상을 마음껏 즐길 수 있는 파워풀한 퍼포먼스
어두워도 밝게, 셀피는 감성적으로 급이 다른 카메라
갤럭시의 아이덴티티를 완성하는 디자인, 수령방법: 매장픽업 불가능, 재고 수량: 0, 할인가: 1,199,000, WEB 접속: [NULL], APP 접속: [NULL]"
갤럭시 S23 Ultra 자급제,mobile,smartphones,galaxy-s,"1,962,400","1,962,400","1,709,000",SM-S918NLINKOO,"고사양 게임을 마음껏 즐길 수 있는 파워풀한 퍼포먼스
2억 화소로 선명하고, 100배 줌에도 흔들림 걱정 없는 카메라
필요한 순간에 손쉽게 스마트한 일상을 만드는 S펜",매장픽업 불가능,0,"1,709,000",[NULL],[NULL],"품목: 갤럭시 S23 Ultra 자급제, 카테고리_1: mobile, 카테고리_2: smartphones, 카테고리_3: galaxy-s, 기준가: 1,962,400, 회원가: 1,962,400, 혜택가: 1,709,000, 프러덕트 코드: SM-S918NLINKOO, 제품 설명: 고사양 게임을 마음껏 즐길 수 있는 파워풀한 퍼포먼스
2억 화소로 선명하고, 100배 줌에도 흔들림 걱정 없는 카메라
필요한 순간에 손쉽게 스마트한 일상을 만드는 S펜, 수령방법: 매장픽업 불가능, 재고 수량: 0, 할인가: 1,709,000, WEB 접속: [NULL], APP 접속: [NULL]"
갤럭시 S23 Ultra 자급제,mobile,smartphones,galaxy-s,"1,962,400","1,962,400","1,709,000",SM-S918NZGNKOO,"고사양 게임을 마음껏 즐길 수 있는 파워풀한 퍼포먼스
2억 화소로 선명하고, 100배 줌에도 흔들림 걱정 없는 카메라
필요한 순간에 손쉽게 스마트한 일상을 만드는 S펜",매장픽업 불가능,1,"1,709,000",[NULL],[NULL],"품목: 갤럭시 S23 Ultra 자급제, 카테고리_1: mobile, 카테고리_2: smartphones, 카테고리_3: galaxy-s, 기준가: 1,962,400, 회원가: 1,962,400, 혜택가: 1,709,000, 프러덕트 코드: SM-S918NZGNKOO, 제품 설명: 고사양 게임을 마음껏 즐길 수 있는 파워풀한 퍼포먼스
2억 화소로 선명하고, 100배 줌에도 흔들림 걱정 없는 카메라
필요한 순간에 손쉽게 스마트한 일상을 만드는 S펜, 수령방법: 매장픽업 불가능, 재고 수량: 1, 할인가: 1,709,000, WEB 접속: [NULL], APP 접속: [NULL]"
갤럭시 S23 Ultra 자급제,mobile,smartphones,galaxy-s,"1,962,400","1,962,400","1,709,000",SM-S918NZENKOO,"고사양 게임을 마음껏 즐길 수 있는 파워풀한 퍼포먼스
2억 화소로 선명하고, 100배 줌에도 흔들림 걱정 없는 카메라
필요한 순간에 손쉽게 스마트한 일상을 만드는 S펜",매장픽업 불가능,0,"1,709,000",[NULL],[NULL],"품목: 갤럭시 S23 Ultra 자급제, 카테고리_1: mobile, 카테고리_2: smartphones, 카테고리_3: galaxy-s, 기준가: 1,962,400, 회원가: 1,962,400, 혜택가: 1,709,000, 프러덕트 코드: SM-S918NZENKOO, 제품 설명: 고사양 게임을 마음껏 즐길 수 있는 파워풀한 퍼포먼스
2억 화소로 선명하고, 100배 줌에도 흔들림 걱정 없는 카메라
필요한 순간에 손쉽게 스마트한 일상을 만드는 S펜, 수령방법: 매장픽업 불가능, 재고 수량: 0, 할인가: 1,709,000, WEB 접속: [NULL], APP 접속: [NULL]"
갤럭시 S23 Ultra 자급제,mobile,smartphones,galaxy-s,"1,962,400","1,962,400","1,709,000",SM-S918NZKNKOO,"고사양 게임을 마음껏 즐길 수 있는 파워풀한 퍼포먼스
2억 화소로 선명하고, 100배 줌에도 흔들림 걱정 없는 카메라
필요한 순간에 손쉽게 스마트한 일상을 만드는 S펜",매장픽업 불가능,0,"1,709,000",[NULL],[NULL],"품목: 갤럭시 S23 Ultra 자급제, 카테고리_1: mobile, 카테고리_2: smartphones, 카테고리_3: galaxy-s, 기준가: 1,962,400, 회원가: 1,962,400, 혜택가: 1,709,000, 프러덕트 코드: SM-S918NZKNKOO, 제품 설명: 고사양 게임을 마음껏 즐길 수 있는 파워풀한 퍼포먼스
2억 화소로 선명하고, 100배 줌에도 흔들림 걱정 없는 카메라
필요한 순간에 손쉽게 스마트한 일상을 만드는 S펜, 수령방법: 매장픽업 불가능, 재고 수량: 0, 할인가: 1,709,000, WEB 접속: [NULL], APP 접속: [NULL]"
갤럭시 S23 Ultra 자급제,mobile,smartphones,galaxy-s,"1,720,400","1,720,400","1,439,000",SM-S918NLIFKOO,"고사양 게임을 마음껏 즐길 수 있는 파워풀한 퍼포먼스
2억 화소로 선명하고, 100배 줌에도 흔들림 걱정 없는 카메라
필요한 순간에 손쉽게 스마트한 일상을 만드는 S펜",매장픽업 불가능,0,"1,439,000",[NULL],[NULL],"품목: 갤럭시 S23 Ultra 자급제, 카테고리_1: mobile, 카테고리_2: smartphones, 카테고리_3: galaxy-s, 기준가: 1,720,400, 회원가: 1,720,400, 혜택가: 1,439,000, 프러덕트 코드: SM-S918NLIFKOO, 제품 설명: 고사양 게임을 마음껏 즐길 수 있는 파워풀한 퍼포먼스
2억 화소로 선명하고, 100배 줌에도 흔들림 걱정 없는 카메라
필요한 순간에 손쉽게 스마트한 일상을 만드는 S펜, 수령방법: 매장픽업 불가능, 재고 수량: 0, 할인가: 1,439,000, WEB 접속: [NULL], APP 접속: [NULL]"
갤럭시 S23 Ultra 자급제,mobile,smartphones,galaxy-s,"1,720,400","1,720,400","1,439,000",SM-S918NZGFKOO,"고사양 게임을 마음껏 즐길 수 있는 파워풀한 퍼포먼스
2억 화소로 선명하고, 100배 줌에도 흔들림 걱정 없는 카메라
필요한 순간에 손쉽게 스마트한 일상을 만드는 S펜",매장픽업 불가능,0,"1,439,000",[NULL],[NULL],"품목: 갤럭시 S23 Ultra 자급제, 카테고리_1: mobile, 카테고리_2: smartphones, 카테고리_3: galaxy-s, 기준가: 1,720,400, 회원가: 1,720,400, 혜택가: 1,439,000, 프러덕트 코드: SM-S918NZGFKOO, 제품 설명: 고사양 게임을 마음껏 즐길 수 있는 파워풀한 퍼포먼스
2억 화소로 선명하고, 100배 줌에도 흔들림 걱정 없는 카메라
필요한 순간에 손쉽게 스마트한 일상을 만드는 S펜, 수령방법: 매장픽업 불가능, 재고 수량: 0, 할인가: 1,439,000, WEB 접속: [NULL], APP 접속: [NULL]"
갤럭시 S23 Ultra 자급제,mobile,smartphones,galaxy-s,"1,720,400","1,720,400","1,439,000",SM-S918NZEFKOO,"고사양 게임을 마음껏 즐길 수 있는 파워풀한 퍼포먼스
2억 화소로 선명하고, 100배 줌에도 흔들림 걱정 없는 카메라
필요한 순간에 손쉽게 스마트한 일상을 만드는 S펜",매장픽업 불가능,0,"1,439,000",[NULL],[NULL],"품목: 갤럭시 S23 Ultra 자급제, 카테고리_1: mobile, 카테고리_2: smartphones, 카테고리_3: galaxy-s, 기준가: 1,720,400, 회원가: 1,720,400, 혜택가: 1,439,000, 프러덕트 코드: SM-S918NZEFKOO, 제품 설명: 고사양 게임을 마음껏 즐길 수 있는 파워풀한 퍼포먼스
2억 화소로 선명하고, 100배 줌에도 흔들림 걱정 없는 카메라
필요한 순간에 손쉽게 스마트한 일상을 만드는 S펜, 수령방법: 매장픽업 불가능, 재고 수량: 0, 할인가: 1,439,000, WEB 접속: [NULL], APP 접속: [NULL]"
갤럭시 S23 Ultra 자급제,mobile,smartphones,galaxy-s,"1,720,400","1,720,400","1,439,000",SM-S918NZKFKOO,"고사양 게임을 마음껏 즐길 수 있는 파워풀한 퍼포먼스
2억 화소로 선명하고, 100배 줌에도 흔들림 걱정 없는 카메라
필요한 순간에 손쉽게 스마트한 일상을 만드는 S펜",매장픽업 불가능,0,"1,439,000",[NULL],[NULL],"품목: 갤럭시 S23 Ultra 자급제, 카테고리_1: mobile, 카테고리_2: smartphones, 카테고리_3: galaxy-s, 기준가: 1,720,400, 회원가: 1,720,400, 혜택가: 1,439,000, 프러덕트 코드: SM-S918NZKFKOO, 제품 설명: 고사양 게임을 마음껏 즐길 수 있는 파워풀한 퍼포먼스
2억 화소로 선명하고, 100배 줌에도 흔들림 걱정 없는 카메라
필요한 순간에 손쉽게 스마트한 일상을 만드는 S펜, 수령방법: 매장픽업 불가능, 재고 수량: 0, 할인가: 1,439,000, WEB 접속: [NULL], APP 접속: [NULL]"
갤럭시 S23 Ultra 자급제,mobile,smartphones,galaxy-s,"1,599,400","1,599,400","1,429,000",SM-S918NLIEKOO,"고사양 게임을 마음껏 즐길 수 있는 파워풀한 퍼포먼스
2억 화소로 선명하고, 100배 줌에도 흔들림 걱정 없는 카메라
필요한 순간에 손쉽게 스마트한 일상을 만드는 S펜",매장픽업 불가능,0,"1,429,000",[NULL],[NULL],"품목: 갤럭시 S23 Ultra 자급제, 카테고리_1: mobile, 카테고리_2: smartphones, 카테고리_3: galaxy-s, 기준가: 1,599,400, 회원가: 1,599,400, 혜택가: 1,429,000, 프러덕트 코드: SM-S918NLIEKOO, 제품 설명: 고사양 게임을 마음껏 즐길 수 있는 파워풀한 퍼포먼스
2억 화소로 선명하고, 100배 줌에도 흔들림 걱정 없는 카메라
필요한 순간에 손쉽게 스마트한 일상을 만드는 S펜, 수령방법: 매장픽업 불가능, 재고 수량: 0, 할인가: 1,429,000, WEB 접속: [NULL], APP 접속: [NULL]"
갤럭시 S23 Ultra 자급제,mobile,smartphones,galaxy-s,"1,599,400","1,599,400","1,429,000",SM-S918NZGEKOO,"고사양 게임을 마음껏 즐길 수 있는 파워풀한 퍼포먼스
2억 화소로 선명하고, 100배 줌에도 흔들림 걱정 없는 카메라
필요한 순간에 손쉽게 스마트한 일상을 만드는 S펜",매장픽업 불가능,0,"1,429,000",[NULL],[NULL],"품목: 갤럭시 S23 Ultra 자급제, 카테고리_1: mobile, 카테고리_2: smartphones, 카테고리_3: galaxy-s, 기준가: 1,599,400, 회원가: 1,599,400, 혜택가: 1,429,000, 프러덕트 코드: SM-S918NZGEKOO, 제품 설명: 고사양 게임을 마음껏 즐길 수 있는 파워풀한 퍼포먼스
2억 화소로 선명하고, 100배 줌에도 흔들림 걱정 없는 카메라
필요한 순간에 손쉽게 스마트한 일상을 만드는 S펜, 수령방법: 매장픽업 불가능, 재고 수량: 0, 할인가: 1,429,000, WEB 접속: [NULL], APP 접속: [NULL]"
갤럭시 S23 Ultra 자급제,mobile,smartphones,galaxy-s,"1,599,400","1,599,400","1,429,000",SM-S918NZEEKOO,"고사양 게임을 마음껏 즐길 수 있는 파워풀한 퍼포먼스
2억 화소로 선명하고, 100배 줌에도 흔들림 걱정 없는 카메라
필요한 순간에 손쉽게 스마트한 일상을 만드는 S펜",매장픽업 불가능,0,"1,429,000",[NULL],[NULL],"품목: 갤럭시 S23 Ultra 자급제, 카테고리_1: mobile, 카테고리_2: smartphones, 카테고리_3: galaxy-s, 기준가: 1,599,400, 회원가: 1,599,400, 혜택가: 1,429,000, 프러덕트 코드: SM-S918NZEEKOO, 제품 설명: 고사양 게임을 마음껏 즐길 수 있는 파워풀한 퍼포먼스
2억 화소로 선명하고, 100배 줌에도 흔들림 걱정 없는 카메라
필요한 순간에 손쉽게 스마트한 일상을 만드는 S펜, 수령방법: 매장픽업 불가능, 재고 수량: 0, 할인가: 1,429,000, WEB 접속: [NULL], APP 접속: [NULL]"
갤럭시 S23 Ultra 자급제,mobile,smartphones,galaxy-s,"1,599,400","1,599,400","1,429,000",SM-S918NZKEKOO,"고사양 게임을 마음껏 즐길 수 있는 파워풀한 퍼포먼스
2억 화소로 선명하고, 100배 줌에도 흔들림 걱정 없는 카메라
필요한 순간에 손쉽게 스마트한 일상을 만드는 S펜",매장픽업 불가능,0,"1,429,000",[NULL],[NULL],"품목: 갤럭시 S23 Ultra 자급제, 카테고리_1: mobile, 카테고리_2: smartphones, 카테고리_3: galaxy-s, 기준가: 1,599,400, 회원가: 1,599,400, 혜택가: 1,429,000, 프러덕트 코드: SM-S918NZKEKOO, 제품 설명: 고사양 게임을 마음껏 즐길 수 있는 파워풀한 퍼포먼스
2억 화소로 선명하고, 100배 줌에도 흔들림 걱정 없는 카메라
필요한 순간에 손쉽게 스마트한 일상을 만드는 S펜, 수령방법: 매장픽업 불가능, 재고 수량: 0, 할인가: 1,429,000, WEB 접속: [NULL], APP 접속: [NULL]"
갤럭시 S24 통신사폰 (SKT/KT/LG U+),mobile,smartphones,galaxy-s,"1,155,000","1,155,000",[NULL],SM-S921NZYEKOD,"AI로 시작하는 새로운 소통의 방법
AI 편집까지 더해진 차원이 다른 카메라 경험
미네랄에서 영감을 받은 컬러",매장픽업 가능,"9,999","1,155,000",[NULL],[NULL],"품목: 갤럭시 S24 통신사폰 (SKT/KT/LG U+), 카테고리_1: mobile, 카테고리_2: smartphones, 카테고리_3: galaxy-s, 기준가: 1,155,000, 회원가: 1,155,000, 혜택가: [NULL], 프러덕트 코드: SM-S921NZYEKOD, 제품 설명: AI로 시작하는 새로운 소통의 방법
AI 편집까지 더해진 차원이 다른 카메라 경험
미네랄에서 영감을 받은 컬러, 수령방법: 매장픽업 가능, 재고 수량: 9,999, 할인가: 1,155,000, WEB 접속: [NULL], APP 접속: [NULL]"
갤럭시 S24 통신사폰 (SKT/KT/LG U+),mobile,smartphones,galaxy-s,"1,155,000","1,155,000",[NULL],SM-S921NZVEKOD,"AI로 시작하는 새로운 소통의 방법
AI 편집까지 더해진 차원이 다른 카메라 경험
미네랄에서 영감을 받은 컬러",매장픽업 가능,"9,999","1,155,000",[NULL],[NULL],"품목: 갤럭시 S24 통신사폰 (SKT/KT/LG U+), 카테고리_1: mobile, 카테고리_2: smartphones, 카테고리_3: galaxy-s, 기준가: 1,155,000, 회원가: 1,155,000, 혜택가: [NULL], 프러덕트 코드: SM-S921NZVEKOD, 제품 설명: AI로 시작하는 새로운 소통의 방법
AI 편집까지 더해진 차원이 다른 카메라 경험
미네랄에서 영감을 받은 컬러, 수령방법: 매장픽업 가능, 재고 수량: 9,999, 할인가: 1,155,000, WEB 접속: [NULL], APP 접속: [NULL]"
갤럭시 S24 통신사폰 (SKT/KT/LG U+),mobile,smartphones,galaxy-s,"1,155,000","1,155,000",[NULL],SM-S921NZAEKOD,"AI로 시작하는 새로운 소통의 방법
AI 편집까지 더해진 차원이 다른 카메라 경험
미네랄에서 영감을 받은 컬러",매장픽업 가능,"9,999","1,155,000",[NULL],[NULL],"품목: 갤럭시 S24 통신사폰 (SKT/KT/LG U+), 카테고리_1: mobile, 카테고리_2: smartphones, 카테고리_3: galaxy-s, 기준가: 1,155,000, 회원가: 1,155,000, 혜택가: [NULL], 프러덕트 코드: SM-S921NZAEKOD, 제품 설명: AI로 시작하는 새로운 소통의 방법
AI 편집까지 더해진 차원이 다른 카메라 경험
미네랄에서 영감을 받은 컬러, 수령방법: 매장픽업 가능, 재고 수량: 9,999, 할인가: 1,155,000, WEB 접속: [NULL], APP 접속: [NULL]"
갤럭시 S24 통신사폰 (SKT/KT/LG U+),mobile,smartphones,galaxy-s,"1,155,000","1,155,000",[NULL],SM-S921NZKEKOD,"AI로 시작하는 새로운 소통의 방법
AI 편집까지 더해진 차원이 다른 카메라 경험
미네랄에서 영감을 받은 컬러",매장픽업 가능,"9,999","1,155,000",[NULL],[NULL],"품목: 갤럭시 S24 통신사폰 (SKT/KT/LG U+), 카테고리_1: mobile, 카테고리_2: smartphones, 카테고리_3: galaxy-s, 기준가: 1,155,000, 회원가: 1,155,000, 혜택가: [NULL], 프러덕트 코드: SM-S921NZKEKOD, 제품 설명: AI로 시작하는 새로운 소통의 방법
AI 편집까지 더해진 차원이 다른 카메라 경험
미네랄에서 영감을 받은 컬러, 수령방법: 매장픽업 가능, 재고 수량: 9,999, 할인가: 1,155,000, WEB 접속: [NULL], APP 접속: [NULL]"
갤럭시 S24 통신사폰 (SKT/KT/LG U+),mobile,smartphones,galaxy-s,"1,298,000","1,298,000",[NULL],SM-S921NZYFKOD,"AI로 시작하는 새로운 소통의 방법
AI 편집까지 더해진 차원이 다른 카메라 경험
미네랄에서 영감을 받은 컬러",매장픽업 불가능,0,"1,298,000",[NULL],[NULL],"품목: 갤럭시 S24 통신사폰 (SKT/KT/LG U+), 카테고리_1: mobile, 카테고리_2: smartphones, 카테고리_3: galaxy-s, 기준가: 1,298,000, 회원가: 1,298,000, 혜택가: [NULL], 프러덕트 코드: SM-S921NZYFKOD, 제품 설명: AI로 시작하는 새로운 소통의 방법
AI 편집까지 더해진 차원이 다른 카메라 경험
미네랄에서 영감을 받은 컬러, 수령방법: 매장픽업 불가능, 재고 수량: 0, 할인가: 1,298,000, WEB 접속: [NULL], APP 접속: [NULL]"
갤럭시 S24 통신사폰 (SKT/KT/LG U+),mobile,smartphones,galaxy-s,"1,298,000","1,298,000",[NULL],SM-S921NZVFKOD,"AI로 시작하는 새로운 소통의 방법
AI 편집까지 더해진 차원이 다른 카메라 경험
미네랄에서 영감을 받은 컬러",매장픽업 불가능,0,"1,298,000",[NULL],[NULL],"품목: 갤럭시 S24 통신사폰 (SKT/KT/LG U+), 카테고리_1: mobile, 카테고리_2: smartphones, 카테고리_3: galaxy-s, 기준가: 1,298,000, 회원가: 1,298,000, 혜택가: [NULL], 프러덕트 코드: SM-S921NZVFKOD, 제품 설명: AI로 시작하는 새로운 소통의 방법
AI 편집까지 더해진 차원이 다른 카메라 경험
미네랄에서 영감을 받은 컬러, 수령방법: 매장픽업 불가능, 재고 수량: 0, 할인가: 1,298,000, WEB 접속: [NULL], APP 접속: [NULL]"
갤럭시 S24 통신사폰 (SKT/KT/LG U+),mobile,smartphones,galaxy-s,"1,298,000","1,298,000",[NULL],SM-S921NZAFKOD,"AI로 시작하는 새로운 소통의 방법
AI 편집까지 더해진 차원이 다른 카메라 경험
미네랄에서 영감을 받은 컬러",매장픽업 불가능,0,"1,298,000",[NULL],[NULL],"품목: 갤럭시 S24 통신사폰 (SKT/KT/LG U+), 카테고리_1: mobile, 카테고리_2: smartphones, 카테고리_3: galaxy-s, 기준가: 1,298,000, 회원가: 1,298,000, 혜택가: [NULL], 프러덕트 코드: SM-S921NZAFKOD, 제품 설명: AI로 시작하는 새로운 소통의 방법
AI 편집까지 더해진 차원이 다른 카메라 경험
미네랄에서 영감을 받은 컬러, 수령방법: 매장픽업 불가능, 재고 수량: 0, 할인가: 1,298,000, WEB 접속: [NULL], APP 접속: [NULL]"
갤럭시 S24 통신사폰 (SKT/KT/LG U+),mobile,smartphones,galaxy-s,"1,298,000","1,298,000",[NULL],SM-S921NZKFKOD,"AI로 시작하는 새로운 소통의 방법
AI 편집까지 더해진 차원이 다른 카메라 경험
미네랄에서 영감을 받은 컬러",매장픽업 불가능,0,"1,298,000",[NULL],[NULL],"품목: 갤럭시 S24 통신사폰 (SKT/KT/LG U+), 카테고리_1: mobile, 카테고리_2: smartphones, 카테고리_3: galaxy-s, 기준가: 1,298,000, 회원가: 1,298,000, 혜택가: [NULL], 프러덕트 코드: SM-S921NZKFKOD, 제품 설명: AI로 시작하는 새로운 소통의 방법
AI 편집까지 더해진 차원이 다른 카메라 경험
미네랄에서 영감을 받은 컬러, 수령방법: 매장픽업 불가능, 재고 수량: 0, 할인가: 1,298,000, WEB 접속: [NULL], APP 접속: [NULL]"
갤럭시 S24+ 통신사폰 (SKT/KT/LG U+),mobile,smartphones,galaxy-s,"1,353,000","1,353,000",[NULL],SM-S926NZVAKOD,"AI로 시작하는 새로운 소통의 방법
AI 편집까지 더해진 차원이 다른 카메라 경험
미네랄에서 영감을 받은 컬러",매장픽업 가능,"9,999","1,353,000",[NULL],[NULL],"품목: 갤럭시 S24+ 통신사폰 (SKT/KT/LG U+), 카테고리_1: mobile, 카테고리_2: smartphones, 카테고리_3: galaxy-s, 기준가: 1,353,000, 회원가: 1,353,000, 혜택가: [NULL], 프러덕트 코드: SM-S926NZVAKOD, 제품 설명: AI로 시작하는 새로운 소통의 방법
AI 편집까지 더해진 차원이 다른 카메라 경험
미네랄에서 영감을 받은 컬러, 수령방법: 매장픽업 가능, 재고 수량: 9,999, 할인가: 1,353,000, WEB 접속: [NULL], APP 접속: [NULL]"
갤럭시 S24+ 통신사폰 (SKT/KT/LG U+),mobile,smartphones,galaxy-s,"1,353,000","1,353,000",[NULL],SM-S926NZYAKOD,"AI로 시작하는 새로운 소통의 방법
AI 편집까지 더해진 차원이 다른 카메라 경험
미네랄에서 영감을 받은 컬러",매장픽업 가능,"9,999","1,353,000",[NULL],[NULL],"품목: 갤럭시 S24+ 통신사폰 (SKT/KT/LG U+), 카테고리_1: mobile, 카테고리_2: smartphones, 카테고리_3: galaxy-s, 기준가: 1,353,000, 회원가: 1,353,000, 혜택가: [NULL], 프러덕트 코드: SM-S926NZYAKOD, 제품 설명: AI로 시작하는 새로운 소통의 방법
AI 편집까지 더해진 차원이 다른 카메라 경험
미네랄에서 영감을 받은 컬러, 수령방법: 매장픽업 가능, 재고 수량: 9,999, 할인가: 1,353,000, WEB 접속: [NULL], APP 접속: [NULL]"
갤럭시 S24+ 통신사폰 (SKT/KT/LG U+),mobile,smartphones,galaxy-s,"1,353,000","1,353,000",[NULL],SM-S926NZAAKOD,"AI로 시작하는 새로운 소통의 방법
AI 편집까지 더해진 차원이 다른 카메라 경험
미네랄에서 영감을 받은 컬러",매장픽업 가능,"9,999","1,353,000",[NULL],[NULL],"품목: 갤럭시 S24+ 통신사폰 (SKT/KT/LG U+), 카테고리_1: mobile, 카테고리_2: smartphones, 카테고리_3: galaxy-s, 기준가: 1,353,000, 회원가: 1,353,000, 혜택가: [NULL], 프러덕트 코드: SM-S926NZAAKOD, 제품 설명: AI로 시작하는 새로운 소통의 방법
AI 편집까지 더해진 차원이 다른 카메라 경험
미네랄에서 영감을 받은 컬러, 수령방법: 매장픽업 가능, 재고 수량: 9,999, 할인가: 1,353,000, WEB 접속: [NULL], APP 접속: [NULL]"
갤럭시 S24+ 통신사폰 (SKT/KT/LG U+),mobile,smartphones,galaxy-s,"1,353,000","1,353,000",[NULL],SM-S926NZKAKOD,"AI로 시작하는 새로운 소통의 방법
AI 편집까지 더해진 차원이 다른 카메라 경험
미네랄에서 영감을 받은 컬러",매장픽업 가능,"9,999","1,353,000",[NULL],[NULL],"품목: 갤럭시 S24+ 통신사폰 (SKT/KT/LG U+), 카테고리_1: mobile, 카테고리_2: smartphones, 카테고리_3: galaxy-s, 기준가: 1,353,000, 회원가: 1,353,000, 혜택가: [NULL], 프러덕트 코드: SM-S926NZKAKOD, 제품 설명: AI로 시작하는 새로운 소통의 방법
AI 편집까지 더해진 차원이 다른 카메라 경험
미네랄에서 영감을 받은 컬러, 수령방법: 매장픽업 가능, 재고 수량: 9,999, 할인가: 1,353,000, WEB 접속: [NULL], APP 접속: [NULL]"
갤럭시 S24+ 통신사폰 (SKT/KT/LG U+),mobile,smartphones,galaxy-s,"1,496,000","1,496,000",[NULL],SM-S926NZVEKOD,"AI로 시작하는 새로운 소통의 방법
AI 편집까지 더해진 차원이 다른 카메라 경험
미네랄에서 영감을 받은 컬러",매장픽업 불가능,0,"1,496,000",[NULL],[NULL],"품목: 갤럭시 S24+ 통신사폰 (SKT/KT/LG U+), 카테고리_1: mobile, 카테고리_2: smartphones, 카테고리_3: galaxy-s, 기준가: 1,496,000, 회원가: 1,496,000, 혜택가: [NULL], 프러덕트 코드: SM-S926NZVEKOD, 제품 설명: AI로 시작하는 새로운 소통의 방법
AI 편집까지 더해진 차원이 다른 카메라 경험
미네랄에서 영감을 받은 컬러, 수령방법: 매장픽업 불가능, 재고 수량: 0, 할인가: 1,496,000, WEB 접속: [NULL], APP 접속: [NULL]"
갤럭시 S24+ 통신사폰 (SKT/KT/LG U+),mobile,smartphones,galaxy-s,"1,496,000","1,496,000",[NULL],SM-S926NZYEKOD,"AI로 시작하는 새로운 소통의 방법
AI 편집까지 더해진 차원이 다른 카메라 경험
미네랄에서 영감을 받은 컬러",매장픽업 불가능,0,"1,496,000",[NULL],[NULL],"품목: 갤럭시 S24+ 통신사폰 (SKT/KT/LG U+), 카테고리_1: mobile, 카테고리_2: smartphones, 카테고리_3: galaxy-s, 기준가: 1,496,000, 회원가: 1,496,000, 혜택가: [NULL], 프러덕트 코드: SM-S926NZYEKOD, 제품 설명: AI로 시작하는 새로운 소통의 방법
AI 편집까지 더해진 차원이 다른 카메라 경험
미네랄에서 영감을 받은 컬러, 수령방법: 매장픽업 불가능, 재고 수량: 0, 할인가: 1,496,000, WEB 접속: [NULL], APP 접속: [NULL]"
갤럭시 S24+ 통신사폰 (SKT/KT/LG U+),mobile,smartphones,galaxy-s,"1,496,000","1,496,000",[NULL],SM-S926NZAEKOD,"AI로 시작하는 새로운 소통의 방법
AI 편집까지 더해진 차원이 다른 카메라 경험
미네랄에서 영감을 받은 컬러",매장픽업 불가능,0,"1,496,000",[NULL],[NULL],"품목: 갤럭시 S24+ 통신사폰 (SKT/KT/LG U+), 카테고리_1: mobile, 카테고리_2: smartphones, 카테고리_3: galaxy-s, 기준가: 1,496,000, 회원가: 1,496,000, 혜택가: [NULL], 프러덕트 코드: SM-S926NZAEKOD, 제품 설명: AI로 시작하는 새로운 소통의 방법
AI 편집까지 더해진 차원이 다른 카메라 경험
미네랄에서 영감을 받은 컬러, 수령방법: 매장픽업 불가능, 재고 수량: 0, 할인가: 1,496,000, WEB 접속: [NULL], APP 접속: [NULL]"
갤럭시 S24+ 통신사폰 (SKT/KT/LG U+),mobile,smartphones,galaxy-s,"1,496,000","1,496,000",[NULL],SM-S926NZKEKOD,"AI로 시작하는 새로운 소통의 방법
AI 편집까지 더해진 차원이 다른 카메라 경험
미네랄에서 영감을 받은 컬러",매장픽업 불가능,0,"1,496,000",[NULL],[NULL],"품목: 갤럭시 S24+ 통신사폰 (SKT/KT/LG U+), 카테고리_1: mobile, 카테고리_2: smartphones, 카테고리_3: galaxy-s, 기준가: 1,496,000, 회원가: 1,496,000, 혜택가: [NULL], 프러덕트 코드: SM-S926NZKEKOD, 제품 설명: AI로 시작하는 새로운 소통의 방법
AI 편집까지 더해진 차원이 다른 카메라 경험
미네랄에서 영감을 받은 컬러, 수령방법: 매장픽업 불가능, 재고 수량: 0, 할인가: 1,496,000, WEB 접속: [NULL], APP 접속: [NULL]"
갤럭시 S24 Ultra 통신사폰 (SKT/KT/LG U+),mobile,smartphones,galaxy-s,"1,698,400","1,698,400",[NULL],SM-S928NZTEKOD,"AI로 시작하는 새로운 소통의 방법
2억 화소에 AI 편집까지 더해진 차원이 다른 카메라 경험
고사양 게임을 더욱 쾌적하게 즐길 수 있는 강력한 퍼포먼스",매장픽업 가능,"9,999","1,698,400",[NULL],[NULL],"품목: 갤럭시 S24 Ultra 통신사폰 (SKT/KT/LG U+), 카테고리_1: mobile, 카테고리_2: smartphones, 카테고리_3: galaxy-s, 기준가: 1,698,400, 회원가: 1,698,400, 혜택가: [NULL], 프러덕트 코드: SM-S928NZTEKOD, 제품 설명: AI로 시작하는 새로운 소통의 방법
2억 화소에 AI 편집까지 더해진 차원이 다른 카메라 경험
고사양 게임을 더욱 쾌적하게 즐길 수 있는 강력한 퍼포먼스, 수령방법: 매장픽업 가능, 재고 수량: 9,999, 할인가: 1,698,400, WEB 접속: [NULL], APP 접속: [NULL]"
갤럭시 S24 Ultra 통신사폰 (SKT/KT/LG U+),mobile,smartphones,galaxy-s,"1,698,400","1,698,400",[NULL],SM-S928NZYEKOD,"AI로 시작하는 새로운 소통의 방법
2억 화소에 AI 편집까지 더해진 차원이 다른 카메라 경험
고사양 게임을 더욱 쾌적하게 즐길 수 있는 강력한 퍼포먼스",매장픽업 가능,"9,999","1,698,400",[NULL],[NULL],"품목: 갤럭시 S24 Ultra 통신사폰 (SKT/KT/LG U+), 카테고리_1: mobile, 카테고리_2: smartphones, 카테고리_3: galaxy-s, 기준가: 1,698,400, 회원가: 1,698,400, 혜택가: [NULL], 프러덕트 코드: SM-S928NZYEKOD, 제품 설명: AI로 시작하는 새로운 소통의 방법
2억 화소에 AI 편집까지 더해진 차원이 다른 카메라 경험
고사양 게임을 더욱 쾌적하게 즐길 수 있는 강력한 퍼포먼스, 수령방법: 매장픽업 가능, 재고 수량: 9,999, 할인가: 1,698,400, WEB 접속: [NULL], APP 접속: [NULL]"
갤럭시 S24 Ultra 통신사폰 (SKT/KT/LG U+),mobile,smartphones,galaxy-s,"1,698,400","1,698,400",[NULL],SM-S928NZVEKOD,"AI로 시작하는 새로운 소통의 방법
2억 화소에 AI 편집까지 더해진 차원이 다른 카메라 경험
고사양 게임을 더욱 쾌적하게 즐길 수 있는 강력한 퍼포먼스",매장픽업 가능,"9,999","1,698,400",[NULL],[NULL],"품목: 갤럭시 S24 Ultra 통신사폰 (SKT/KT/LG U+), 카테고리_1: mobile, 카테고리_2: smartphones, 카테고리_3: galaxy-s, 기준가: 1,698,400, 회원가: 1,698,400, 혜택가: [NULL], 프러덕트 코드: SM-S928NZVEKOD, 제품 설명: AI로 시작하는 새로운 소통의 방법
2억 화소에 AI 편집까지 더해진 차원이 다른 카메라 경험
고사양 게임을 더욱 쾌적하게 즐길 수 있는 강력한 퍼포먼스, 수령방법: 매장픽업 가능, 재고 수량: 9,999, 할인가: 1,698,400, WEB 접속: [NULL], APP 접속: [NULL]"
갤럭시 S24 Ultra 통신사폰 (SKT/KT/LG U+),mobile,smartphones,galaxy-s,"1,698,400","1,698,400",[NULL],SM-S928NZKEKOD,"AI로 시작하는 새로운 소통의 방법
2억 화소에 AI 편집까지 더해진 차원이 다른 카메라 경험
고사양 게임을 더욱 쾌적하게 즐길 수 있는 강력한 퍼포먼스",매장픽업 가능,"9,999","1,698,400",[NULL],[NULL],"품목: 갤럭시 S24 Ultra 통신사폰 (SKT/KT/LG U+), 카테고리_1: mobile, 카테고리_2: smartphones, 카테고리_3: galaxy-s, 기준가: 1,698,400, 회원가: 1,698,400, 혜택가: [NULL], 프러덕트 코드: SM-S928NZKEKOD, 제품 설명: AI로 시작하는 새로운 소통의 방법
2억 화소에 AI 편집까지 더해진 차원이 다른 카메라 경험
고사양 게임을 더욱 쾌적하게 즐길 수 있는 강력한 퍼포먼스, 수령방법: 매장픽업 가능, 재고 수량: 9,999, 할인가: 1,698,400, WEB 접속: [NULL], APP 접속: [NULL]"
갤럭시 S24 Ultra 통신사폰 (SKT/KT/LG U+),mobile,smartphones,galaxy-s,"1,841,400","1,841,400",[NULL],SM-S928NZTFKOD,"AI로 시작하는 새로운 소통의 방법
2억 화소에 AI 편집까지 더해진 차원이 다른 카메라 경험
고사양 게임을 더욱 쾌적하게 즐길 수 있는 강력한 퍼포먼스",매장픽업 불가능,0,"1,841,400",[NULL],[NULL],"품목: 갤럭시 S24 Ultra 통신사폰 (SKT/KT/LG U+), 카테고리_1: mobile, 카테고리_2: smartphones, 카테고리_3: galaxy-s, 기준가: 1,841,400, 회원가: 1,841,400, 혜택가: [NULL], 프러덕트 코드: SM-S928NZTFKOD, 제품 설명: AI로 시작하는 새로운 소통의 방법
2억 화소에 AI 편집까지 더해진 차원이 다른 카메라 경험
고사양 게임을 더욱 쾌적하게 즐길 수 있는 강력한 퍼포먼스, 수령방법: 매장픽업 불가능, 재고 수량: 0, 할인가: 1,841,400, WEB 접속: [NULL], APP 접속: [NULL]"
갤럭시 S24 Ultra 통신사폰 (SKT/KT/LG U+),mobile,smartphones,galaxy-s,"1,841,400","1,841,400",[NULL],SM-S928NZYFKOD,"AI로 시작하는 새로운 소통의 방법
2억 화소에 AI 편집까지 더해진 차원이 다른 카메라 경험
고사양 게임을 더욱 쾌적하게 즐길 수 있는 강력한 퍼포먼스",매장픽업 불가능,0,"1,841,400",[NULL],[NULL],"품목: 갤럭시 S24 Ultra 통신사폰 (SKT/KT/LG U+), 카테고리_1: mobile, 카테고리_2: smartphones, 카테고리_3: galaxy-s, 기준가: 1,841,400, 회원가: 1,841,400, 혜택가: [NULL], 프러덕트 코드: SM-S928NZYFKOD, 제품 설명: AI로 시작하는 새로운 소통의 방법
2억 화소에 AI 편집까지 더해진 차원이 다른 카메라 경험
고사양 게임을 더욱 쾌적하게 즐길 수 있는 강력한 퍼포먼스, 수령방법: 매장픽업 불가능, 재고 수량: 0, 할인가: 1,841,400, WEB 접속: [NULL], APP 접속: [NULL]"
갤럭시 S24 Ultra 통신사폰 (SKT/KT/LG U+),mobile,smartphones,galaxy-s,"1,841,400","1,841,400",[NULL],SM-S928NZVFKOD,"AI로 시작하는 새로운 소통의 방법
2억 화소에 AI 편집까지 더해진 차원이 다른 카메라 경험
고사양 게임을 더욱 쾌적하게 즐길 수 있는 강력한 퍼포먼스",매장픽업 불가능,0,"1,841,400",[NULL],[NULL],"품목: 갤럭시 S24 Ultra 통신사폰 (SKT/KT/LG U+), 카테고리_1: mobile, 카테고리_2: smartphones, 카테고리_3: galaxy-s, 기준가: 1,841,400, 회원가: 1,841,400, 혜택가: [NULL], 프러덕트 코드: SM-S928NZVFKOD, 제품 설명: AI로 시작하는 새로운 소통의 방법
2억 화소에 AI 편집까지 더해진 차원이 다른 카메라 경험
고사양 게임을 더욱 쾌적하게 즐길 수 있는 강력한 퍼포먼스, 수령방법: 매장픽업 불가능, 재고 수량: 0, 할인가: 1,841,400, WEB 접속: [NULL], APP 접속: [NULL]"
갤럭시 S24 Ultra 통신사폰 (SKT/KT/LG U+),mobile,smartphones,galaxy-s,"1,841,400","1,841,400",[NULL],SM-S928NZKFKOD,"AI로 시작하는 새로운 소통의 방법
2억 화소에 AI 편집까지 더해진 차원이 다른 카메라 경험
고사양 게임을 더욱 쾌적하게 즐길 수 있는 강력한 퍼포먼스",매장픽업 불가능,0,"1,841,400",[NULL],[NULL],"품목: 갤럭시 S24 Ultra 통신사폰 (SKT/KT/LG U+), 카테고리_1: mobile, 카테고리_2: smartphones, 카테고리_3: galaxy-s, 기준가: 1,841,400, 회원가: 1,841,400, 혜택가: [NULL], 프러덕트 코드: SM-S928NZKFKOD, 제품 설명: AI로 시작하는 새로운 소통의 방법
2억 화소에 AI 편집까지 더해진 차원이 다른 카메라 경험
고사양 게임을 더욱 쾌적하게 즐길 수 있는 강력한 퍼포먼스, 수령방법: 매장픽업 불가능, 재고 수량: 0, 할인가: 1,841,400, WEB 접속: [NULL], APP 접속: [NULL]"
